Multiple size <= 100
OK
Multiple size <= 500
TEST 1 ARG:-103 104 -139 -159 -52 33 209 -67 54 -169 -200 -207 8 20 -141 -24 142 195 -130 -158 143 22 -71 25 6 99 201 10 215 -77 94 -76 126 51 -47 224 -64 -162 -134 -81 -4 223 -55 18 -121 48 5 -183 -218 -119 205 219 35 147 -237 -106 46 63 49 197 -191 -95 81 119 133 -68 155 110 108 185 -228 -175 24 26 -172 -96 150 227 153 -100 -28 12 -129 -242 60 -20 -10 -107 -208 -65 2 -215 34 9 1 243 163 242 59 -241 89 175 -41 -97 -240 -92 79 -148 -194 -196 -136 241 -38 92 229 172 102 132 74 -161 136 -128 86 50 64 -238 80 15 -216 -204 -192 27 70 93 144 -186 -165 -83 -123 196 -1 -73 -85 -239 -45 134 4 -213 206 149 -69 -214 -187 -53 42 -93 -179 -224 61 236 -176 -109 141 117 -168 43 -78 177 156 103 -66 -125 245 -3 23 233 57 30 169 125 75 77 -167 -221 53 -170 71 -32 -223 -72 105 139 -203 -142 246 73 -60 95 -178 237 -70 -63 122 217 208 203 -111 -243 159 192 -48 -219 -177 21 87 128 -199 -140 -102 -31 52 -151 -33 -90 76 226 29 32 161 82 238 17 -105 178 151 166 -79 78 96 -233 -51 116 -153 114 -99 -249 -74 115 66 190 -44 230 -155 -166 -122 -164 -34 0 -57 180 235 -184 -201 -112 182 188 72 -146 -115 -19 -61 -206 -6 -13 -46 -82 228 140 91 28 124 -26 -190 -212 194 -132 -144 207 -181 -21 137 -171 84 210 170 14 -126 62 88 183 -154 -14 -145 90 -15 -205 249 16 152 -27 165 174 -149 106 107 -50 3 111 135 -91 -156 -143 216 97 -43 -2 -230 85 -59 211 -197 -137 19 -80 101 47 187 -86 113 -114 13 173 40 69 36 -226 -210 -247 -235 239 160 129 39 -188 171 -17 -198 -117 198 -160 -98 -11 -232 31 -124 176 -245 109 45 -217 -30 -12 218 231 11 214 162 130 -173 -29 98 168 131 -189 -202 -127 -104 225 -163 -116 213 38 -87 -250 -35 100 234 -18 167 232 67 -138 222 -75 181 158 44 37 127 221 193 -25 -135 58 199 -62 138 112 200 -108 -234 55 68 -244 204 -58 -40 -157 -110 -94 -248 -211 -49 154 65 -182 -225 123 -227 157 148 164 -209 -113 -222 -36 189 -185 120 -42 -101 -7 -180 -131 -84 -195 -133 -193 121 -5 -236 -118 -229 202 -22 -9 -39 244 248 56 -246 -89 -88 -37 184 220 -8 -56 -150 -23 -120 7 -16 179 83 186 41 145 240 146 -174 -220 -147 247 118 191 -54 -152 -231 212 
TEST 2 ARG:-235 -161 68 93 -157 176 -228 197 -44 87 -4 128 -38 -59 192 187 -24 113 -27 153 -15 233 -22 -180 84 175 124 -231 -18 -155 -167 165 0 -50 -211 12 -130 -28 -227 -86 238 -84 104 131 249 215 218 196 91 -90 212 216 81 -23 -225 -202 39 49 154 66 -195 174 169 -148 117 -72 -37 77 90 -230 -94 28 170 127 123 -185 108 -109 -127 20 -82 133 -116 -39 168 -158 -178 -197 -83 -206 -93 -244 -188 -85 16 207 -52 60 -122 161 99 9 -169 -76 110 14 64 -6 32 -25 130 246 -131 151 -80 -55 208 138 116 -162 236 106 -224 -243 4 -193 171 -154 139 -135 -63 35 -174 -67 225 -209 239 235 -77 -16 244 101 -114 -145 40 -234 45 -58 178 -245 -12 102 -152 223 -190 -186 118 182 230 19 -30 191 59 -104 245 23 -138 219 234 114 247 -71 62 72 190 105 -250 -105 137 94 -42 53 -194 -173 -212 -62 185 112 -49 -153 76 22 -189 -17 -187 144 156 38 152 58 181 17 6 26 -47 184 98 125 -242 13 -95 11 34 -32 -147 -207 18 65 198 140 92 -97 -57 241 -150 21 157 36 -118 229 111 43 -7 3 -81 -223 -199 -103 -89 -20 149 -115 228 217 240 -51 -216 -236 88 132 202 167 95 25 -33 203 126 -129 -96 78 220 166 80 -144 121 46 213 -19 158 2 57 -69 -163 -164 -205 -10 -160 -246 -133 -87 226 -99 69 -43 -112 -214 143 -156 147 85 135 -125 42 -184 -175 237 -124 -65 -172 199 172 227 47 179 -98 -219 52 -181 -101 -247 -36 -196 189 -128 -117 33 -14 96 136 -91 8 -218 -3 -141 -240 -142 5 -78 210 29 173 224 109 -170 -248 56 -226 -88 -75 -1 201 51 74 -70 -229 73 31 -213 82 -221 186 -120 -210 -29 -54 163 -68 155 -183 -179 164 -151 71 -108 44 97 -140 -136 -46 122 -21 188 54 242 -201 -107 -5 183 15 -238 -64 -92 -121 89 200 146 -61 -26 -215 180 -8 120 -204 -249 55 150 162 -113 -239 193 -220 119 103 -203 -106 -35 231 -40 -237 -119 7 48 -110 41 10 -149 -232 -241 -176 -34 177 27 214 141 204 -73 -2 -159 -126 -200 159 129 -102 -79 -13 107 -192 160 -60 -137 -217 -111 50 37 -74 -48 206 -100 211 -208 232 -166 -191 -165 -143 142 -123 -222 -132 -56 30 209 243 -66 -45 -182 145 -41 222 79 148 86 -146 100 -31 -134 61 194 -168 83 24 -171 -233 205 -9 -198 75 -139 115 1 67 -11 70 63 134 195 221 -53 248 -177 
TEST 3 ARG:-207 125 230 44 -221 -55 -120 -7 179 -163 -248 -117 206 69 146 169 7 -218 122 217 145 -25 -237 171 -200 -192 203 -170 -123 -119 48 204 212 167 164 -158 168 -97 103 137 227 118 -15 89 -216 10 4 140 236 153 53 43 -143 -159 -48 162 218 -107 -20 -181 -240 166 62 -199 -124 -139 -234 -185 -89 16 147 -197 91 40 -82 -178 -42 -59 -125 -215 26 156 174 14 -149 -101 -109 -24 -171 -71 68 -19 127 -131 224 -26 228 100 -153 157 -162 -243 129 -179 76 152 177 136 -177 -233 -31 105 -206 18 189 74 -227 183 -186 -246 -191 -6 -1 -116 121 -43 -222 -138 -103 110 -104 -244 154 181 109 -198 -80 21 213 -63 149 -133 117 -155 -137 35 -209 135 90 138 226 139 59 -154 -241 126 -102 102 -140 -73 -95 33 41 73 -28 173 -53 -242 75 23 86 -229 244 209 -225 -145 -49 -110 -189 -195 -168 160 161 -247 104 -37 201 52 120 -214 -90 84 176 124 170 191 88 -236 -54 246 -204 222 -249 195 0 -61 185 85 163 -151 -98 31 -111 1 8 98 25 106 -68 -235 36 142 39 214 -211 -135 -35 -232 247 -67 -184 -165 -205 -44 205 15 210 -2 116 211 -38 -13 82 37 187 -94 111 -201 -16 63 78 -220 -134 -58 -4 219 232 144 -29 -106 216 188 -9 -144 -47 123 93 -219 -52 143 165 229 -112 -92 194 -75 99 -3 96 151 192 -223 29 208 79 245 231 -86 -166 80 -156 -108 141 -148 133 -147 -40 199 28 115 -118 -88 -27 72 94 113 -79 -210 -84 -81 22 207 58 -224 -39 -175 -32 234 -66 107 -122 215 175 220 81 182 -193 243 34 114 -30 159 225 -114 70 -56 38 2 9 92 223 -69 240 -8 -136 -129 67 -230 51 -231 -217 49 235 -196 60 -180 -142 27 64 -127 19 119 178 202 -169 -194 148 3 50 197 95 -203 -146 -115 54 20 233 30 -172 66 11 -18 130 55 -150 -113 -17 -202 249 -91 -187 -45 112 -10 6 -77 180 61 -100 -12 -183 -14 -51 -5 -34 101 -50 -62 -85 131 -72 -121 -182 -33 -46 -174 -238 -245 -22 -188 -212 150 -99 221 196 -164 -65 -190 87 46 -226 -21 -173 5 -64 -70 -87 -250 83 -161 -128 -60 13 24 -208 12 158 108 128 -11 -141 242 71 -157 241 57 -23 17 -41 -228 -74 77 134 65 132 -152 198 172 237 184 190 -105 -36 -96 -176 200 -57 -83 -213 -132 -160 -76 -126 193 186 97 47 45 56 -93 -239 32 -130 -78 -167 42 248 155 238 239 
TEST 4 ARG:110 186 -245 -24 95 128 113 89 109 -212 187 -92 42 -89 175 58 -139 114 75 249 211 -11 -180 25 101 196 -154 -129 -80 -84 167 -38 98 -166 43 -6 -68 -199 204 105 -15 -119 227 -50 93 82 -46 73 162 -187 -62 -96 118 4 215 -190 229 -152 206 41 -21 55 -64 149 -204 -61 19 130 45 31 184 203 139 -206 -29 -111 135 16 79 -101 154 -127 -122 -136 -223 166 -205 -65 39 -19 64 91 26 -13 -121 62 230 226 90 67 88 -120 133 220 -116 137 -144 140 -7 24 -55 -90 -76 37 -47 -117 104 -146 14 -236 21 50 51 -226 -133 -52 237 33 -125 52 -28 224 165 -233 -104 108 210 247 -189 -44 46 -241 18 -124 -41 -140 -115 151 -51 164 145 11 -195 66 -78 156 -9 70 -123 177 119 126 176 96 28 -149 207 201 -75 -200 127 -59 -66 -197 -40 197 -217 103 112 -169 -16 -249 -98 106 -215 238 -83 -30 -151 -100 -188 171 221 -243 185 -213 -163 173 38 -25 -229 198 168 2 217 -130 -26 -160 -211 -177 36 47 134 -86 -242 13 12 -23 218 -118 138 49 178 -227 191 -222 83 -20 190 72 -82 -158 -17 -31 -110 -186 -94 -56 -208 -113 -162 -88 245 142 -73 48 77 -132 30 54 65 -79 -54 23 -91 1 131 -171 102 -192 240 123 -216 195 205 231 6 -4 -70 183 132 -93 92 146 -48 -201 213 86 -219 56 97 -72 159 44 94 -71 -239 78 -207 -57 -37 179 -33 -183 -60 -134 148 84 -131 117 -193 34 -14 193 -3 -69 -234 -244 -135 180 172 -18 -81 -12 76 -214 85 -102 60 -210 80 -114 -155 170 -175 174 -191 -27 -10 -156 -224 69 -1 244 74 68 208 -109 20 -202 -8 -45 202 -228 -248 27 -231 -198 157 212 -35 -179 -225 228 188 222 -148 -58 9 120 209 136 -128 -138 111 -170 8 -87 -209 232 -145 -32 -165 192 181 169 -157 63 87 -174 -172 -247 -36 235 -182 -159 236 -95 -141 -240 61 -63 223 200 -105 -150 -176 5 81 -250 -196 155 22 161 199 115 163 -178 233 -220 40 99 150 -164 -49 -108 214 -238 -230 100 242 -218 0 53 107 -5 219 153 71 57 216 -2 143 29 152 -77 -153 -97 59 189 122 116 -42 -43 10 -74 35 -22 246 -161 32 -112 -106 -34 225 -53 160 124 -246 -126 243 182 -232 -99 -67 239 129 15 194 -167 248 241 234 -137 158 125 -203 3 -107 7 -142 -194 141 -237 -184 144 -185 -143 -235 147 -168 -173 17 -147 -39 -181 -103 -221 121 -85 
TEST 5 ARG:64 151 239 108 182 -28 -110 155 -201 -183 -215 -249 -164 92 -53 -45 129 -14 157 218 -50 -51 59 107 87 -5 -42 -24 5 -70 -148 -194 70 184 -38 -195 -113 -229 200 -100 -104 -169 83 -32 -210 86 46 -250 29 139 245 -18 -187 -159 173 -127 54 -69 -226 57 229 -248 -75 -123 -29 194 37 -146 105 102 -223 -105 -149 106 23 2 213 -207 -80 185 1 -120 79 18 -98 43 58 -72 113 13 -99 -140 -184 158 -179 222 196 205 -111 72 0 -196 95 179 -132 181 24 219 -191 210 -85 27 -171 -227 201 -243 69 216 -7 39 -30 -73 -35 -209 163 97 12 90 -213 -230 7 -239 104 -109 -15 62 -16 -186 232 41 -181 -247 170 148 190 -135 -90 68 -77 -87 -170 -8 33 -1 -66 -166 -112 -161 74 -74 240 -158 77 15 -101 -145 110 84 48 -143 231 -47 -192 176 -151 80 -82 168 -199 -220 143 -189 91 53 14 223 128 -150 -114 93 175 -19 109 246 -81 -157 -108 160 -43 82 248 8 162 233 -57 203 -231 220 167 40 180 117 42 -125 6 206 31 235 -129 45 -178 -36 96 -78 16 -59 -39 140 244 -89 -48 214 -205 56 51 -25 20 -198 236 115 161 -92 146 224 -130 202 -202 225 -31 -241 98 60 -88 -20 189 99 -137 121 -154 -106 94 130 55 183 -41 47 -218 50 -86 197 165 136 112 -22 -103 238 88 191 85 -76 -233 134 -190 76 -208 204 126 187 44 -141 -37 -91 -242 21 -4 9 -133 -182 19 152 75 -212 186 114 -71 116 -117 81 103 -172 -23 -185 -176 172 11 -21 -33 78 38 193 -83 -96 -95 135 -165 -54 178 -9 -118 -61 145 -163 -244 -12 -246 -3 111 63 4 -197 -168 -13 -203 -222 147 61 -46 230 144 -63 195 -211 221 -228 -237 -58 215 -40 25 228 -240 -225 125 89 -122 -193 -144 -216 174 66 127 -2 208 101 209 -162 120 35 -238 153 65 198 -131 -67 171 211 -221 188 73 49 118 177 -235 199 -97 132 -115 -136 -126 -236 3 -128 241 -116 -27 -102 -56 -65 -138 -62 36 32 123 243 169 207 -174 149 -234 -147 -200 -245 -167 -49 164 159 28 -93 141 -156 -64 -160 -139 100 -68 226 217 119 -60 150 142 -219 -180 124 133 -55 -214 -107 71 -152 166 -26 -188 -34 156 -10 -232 154 10 212 67 34 -11 242 -79 -121 -177 -206 26 30 -142 122 -119 -134 -84 234 -224 -204 192 -155 -94 -217 -52 237 -44 -6 22 17 -153 227 -17 138 -173 -175 131 52 247 -124 137 249 
TEST 6 ARG:-155 -19 24 72 -158 101 104 -209 211 170 54 -173 1 -181 -239 37 -213 233 -226 -95 -208 112 234 -55 241 -143 203 32 -246 -160 -25 134 -47 -241 230 103 49 47 -229 -216 -150 -65 214 -34 -83 71 147 30 -73 -135 162 -78 97 91 -174 5 34 17 -108 22 168 240 94 -118 85 -186 146 -237 127 88 156 -41 21 -210 -167 -149 236 -85 213 -195 -63 -231 -6 -12 -66 58 -57 176 -176 -243 78 -212 -54 -188 210 204 -22 158 223 209 -89 150 -161 6 -116 -45 -214 -163 -101 -191 111 62 167 105 172 15 193 4 173 -26 164 -200 235 96 152 68 -113 -52 225 -126 -92 -162 -131 18 125 -190 -222 -5 48 -13 -145 -39 215 -189 184 108 145 199 7 11 -72 -110 194 98 163 -205 46 -68 81 25 -201 -234 -184 -20 -165 -132 207 118 -154 80 -122 -44 -203 31 -144 64 120 -219 247 161 -86 212 -129 133 0 90 -228 222 -16 109 39 -115 183 177 -156 -48 245 -134 14 -84 -23 -198 -9 229 -138 -8 -119 -125 208 -148 -233 -133 244 -87 128 -215 -11 140 102 224 -50 -35 227 92 56 76 239 63 73 123 86 53 -4 -2 -112 -172 144 139 29 -93 -21 10 219 3 -218 23 -79 -136 182 135 -170 99 189 65 153 171 -230 -159 -96 217 -3 -10 198 106 -236 -180 9 -178 -36 -104 61 -146 -199 206 -90 113 -107 -28 -7 148 175 -124 238 -211 -56 -88 124 226 132 69 -27 -225 -117 188 -141 220 -114 197 -46 -248 28 205 67 57 -30 60 114 -240 -182 -76 -206 20 180 107 89 185 87 110 -40 -151 83 -193 -60 -152 237 16 -130 82 36 93 187 50 -74 -169 38 -49 119 74 -164 202 122 -196 -247 143 -58 200 -202 221 -37 -139 -91 77 -153 40 231 -14 41 -232 -67 130 -71 -32 142 -235 95 138 26 -168 -192 70 -123 -250 -77 243 232 -142 -207 -179 165 52 100 -204 116 -103 -97 242 201 -105 216 -64 149 136 -175 -15 -244 218 19 -220 -120 195 84 -238 -80 137 178 154 129 -98 -121 -17 -183 131 186 -24 43 -166 -94 45 -18 157 51 -102 115 12 248 -249 126 -82 160 191 44 13 -33 -43 -61 196 -42 33 -81 192 -31 -194 55 -69 27 121 -29 -70 141 249 75 169 117 -137 -157 -59 174 -245 -99 -227 79 -100 -51 -62 8 -242 -223 -217 -177 -128 246 -127 -140 -38 228 151 159 2 -109 -53 -185 -224 181 -147 -197 -171 -221 66 -111 166 155 190 -106 -75 -1 59 179 42 -187 35 
TEST 7 ARG:178 102 -44 141 -171 -160 245 -6 -124 163 18 -27 56 -204 183 100 -92 -49 230 -214 -212 73 -144 -170 162 170 97 -5 -18 -230 243 198 10 -150 -198 74 135 -4 115 126 81 -205 -238 51 150 -54 -240 21 164 79 -241 -132 -93 -199 -62 226 130 -138 89 55 -41 -248 -63 143 61 -176 -155 -210 228 -193 197 -116 172 -64 -147 24 -110 34 -2 -121 5 96 103 3 -232 -174 213 -120 207 -126 -223 -19 195 157 142 46 113 -175 -96 -163 11 -95 -87 -182 -118 -207 201 62 -179 -158 26 -30 236 9 -81 169 -247 -168 218 108 -137 -79 -84 -91 118 -103 72 38 44 20 -106 70 6 224 175 -233 -12 98 -42 200 204 -104 -1 189 -65 239 145 -101 193 186 181 247 40 -187 75 -108 182 -56 -140 109 67 -97 187 -14 -184 -141 -226 -196 43 63 179 58 136 -177 -172 -119 -131 111 155 190 215 -74 57 -249 13 177 -221 85 123 8 -217 -24 233 -236 122 14 139 -107 149 -78 237 171 -85 78 -246 0 192 -80 66 76 59 84 127 -136 -40 152 -59 244 231 -235 69 205 229 -31 -34 -43 -189 -218 -167 -39 -202 128 86 -72 -231 -23 -3 219 -70 -134 147 -186 -130 -156 223 -47 -26 151 -55 110 -82 -148 -213 -229 -117 188 -71 -69 -11 167 -244 -169 -15 7 220 88 -86 -33 -112 180 -90 203 133 22 77 -224 217 -35 1 -88 -220 -239 12 -52 60 28 -28 -185 91 176 107 -242 208 42 87 27 -183 -227 4 -98 -77 117 104 -215 101 -73 54 -45 32 -194 -201 -61 146 -200 138 140 -83 68 -216 241 -127 -191 -142 -166 -58 -46 153 -165 221 64 23 161 -181 -206 -102 -125 -37 -135 196 114 35 -105 71 37 -190 -100 -123 166 48 29 -219 168 -122 -68 16 49 -76 -195 248 -209 -48 30 45 -60 -154 159 92 116 -89 232 119 93 -67 -109 -115 31 199 -180 160 -114 -75 194 39 216 53 -250 174 -99 -20 165 -164 -32 202 156 -25 -245 -36 -10 -173 132 19 120 -188 185 82 -133 -57 246 -94 129 240 184 -157 105 -203 17 -145 209 -7 90 25 -139 -66 -162 212 33 -129 238 -111 211 191 -51 -234 -13 65 225 -208 249 -149 -9 -178 2 125 -211 -29 148 210 234 -159 -143 95 -237 137 121 -222 106 -151 154 36 -113 -153 131 50 -192 52 -22 80 242 222 -225 144 -243 15 94 206 -38 41 -146 214 235 -53 112 47 83 -152 134 -17 -8 -16 99 227 -228 -128 -50 158 -197 173 -21 124 -161 
TEST 8 ARG:168 161 116 147 -24 -64 -122 -247 231 -184 69 26 86 -127 56 -94 170 167 100 118 -22 -207 83 60 -35 -87 133 18 -220 -33 14 -52 10 59 -106 -85 64 -193 124 120 -134 197 -26 13 -170 190 -199 27 2 -245 -50 225 48 -3 111 128 -218 -99 226 -182 -177 177 211 5 -234 74 -96 -194 108 33 94 235 97 230 -157 246 158 -133 239 -80 143 213 -250 191 95 47 44 224 -203 247 -105 -191 141 153 -30 -21 -73 -124 70 217 107 -180 -239 -92 71 -215 -34 75 244 20 -216 152 -57 -90 117 140 -213 -4 55 -152 200 -41 -25 194 80 242 109 49 198 -174 -208 -159 164 -211 -163 -132 210 -236 -67 -114 -209 -1 159 -115 219 154 -178 -56 -143 -8 -59 -54 96 -75 -222 208 130 205 -219 78 -6 204 -224 -86 -165 105 -192 -82 -169 -62 135 102 -160 -175 -45 -172 -16 240 36 180 238 -63 193 184 249 -241 -148 215 129 -147 66 123 -173 -131 34 112 227 -176 146 104 236 -223 -83 -195 38 91 -39 -243 -28 -145 -167 -235 -14 -95 -11 23 40 -244 206 65 -9 29 87 -110 -140 57 -109 21 195 -229 3 122 -233 148 25 -51 -232 106 -226 212 101 -221 46 -238 144 -196 -126 -138 201 28 -76 -212 -137 155 192 223 -78 -168 85 51 31 -36 237 214 -29 88 -144 90 173 -23 160 174 -116 -113 32 -37 -162 -81 79 139 145 -197 103 -186 156 1 132 -5 -17 171 99 -198 -79 84 178 -101 15 6 -202 -27 -129 -153 165 63 76 113 -248 -125 234 -230 134 126 -117 -40 -84 -108 218 -200 -146 -77 233 -187 -88 189 -242 -204 202 -237 -32 142 243 -151 -141 -118 203 131 -139 7 207 -185 163 68 17 -53 11 72 -188 67 -10 166 -249 -189 -156 19 -74 82 176 -13 -228 -48 -161 229 62 115 179 216 149 81 -171 -91 52 -103 -66 -60 54 241 58 -150 41 61 -164 -43 221 -130 35 -154 73 -71 222 248 -121 172 -2 -38 185 -190 42 -49 125 -227 110 181 -246 -210 232 -46 50 127 -98 188 -89 0 -68 -120 -72 -225 -206 -61 -166 -123 -135 136 182 228 22 -149 -205 137 -58 183 -102 -7 -128 -179 -15 186 9 93 24 196 119 220 245 -31 77 -183 -44 43 -55 175 -201 -12 199 -20 98 39 -107 121 -136 -47 -231 -97 -214 30 169 -111 37 -100 -70 8 -181 -104 150 -142 89 -69 45 -158 114 92 187 16 151 12 209 53 -112 -65 -18 -217 138 -119 -19 -42 -240 162 -93 157 4 -155 
TEST 9 ARG:131 165 206 -168 -219 34 187 -249 -153 222 64 112 205 -45 2 159 125 194 -64 65 -84 -109 -248 13 -136 31 195 11 198 -157 126 -119 40 197 -12 211 -232 184 142 164 -42 45 154 208 -189 53 -72 -63 189 -56 62 -201 -213 -2 193 51 -18 -74 123 68 -29 -23 -225 -133 -44 41 127 76 219 70 217 -121 -20 -66 47 117 -75 97 28 -217 72 -26 249 -209 182 -177 4 119 -100 19 15 -156 -126 95 -41 -33 -154 -128 223 86 -27 122 27 -60 162 -110 235 -186 -228 -105 18 -11 21 209 163 -38 92 140 -247 -127 46 178 -138 -8 172 -51 181 220 120 -172 -231 245 55 30 169 -79 157 226 132 144 212 -174 75 -162 -25 -3 180 186 -212 158 141 -158 -198 -73 -36 200 -134 74 -34 -108 12 -191 -71 -37 224 242 214 -82 -123 -98 -199 -250 -43 168 -188 -57 94 98 66 -159 69 -218 25 -114 -196 -54 29 221 96 202 -180 -112 149 229 243 171 129 -65 3 150 22 196 -67 167 -35 -170 -179 216 71 155 237 -176 -91 143 -125 89 24 -111 -15 203 230 130 -103 -230 116 81 -203 -92 139 103 6 156 100 -241 -183 -40 -223 67 107 104 8 -175 106 85 133 33 -202 -142 228 -178 -85 -187 137 37 -243 213 -164 5 -237 20 241 -16 170 247 -30 -81 -70 -77 -13 -151 114 -49 207 -244 -87 -131 39 -245 -207 134 -48 -210 -200 -137 -155 -163 -50 -120 -152 105 -115 -83 59 -229 -107 58 -220 43 239 152 177 17 82 -143 -165 1 199 99 -166 -171 -94 118 153 10 234 227 -235 36 -195 -205 128 -161 185 151 49 -240 110 -68 188 14 50 -61 -193 -173 -129 83 231 26 -234 190 -246 78 102 -204 -146 -90 -95 201 -149 244 -69 -32 135 -144 138 -215 -233 -113 -194 -93 16 -227 -236 -59 232 -148 -222 111 -47 -96 248 236 -239 -141 -139 23 -104 -145 56 -169 -31 179 -122 161 9 54 113 173 240 108 -28 192 -147 84 73 210 183 -167 -102 136 -101 -208 -86 -39 -58 -7 -19 79 218 -216 -192 176 63 145 146 215 233 -78 -6 -21 48 -117 -211 -130 -181 148 -197 -182 -46 -190 160 -80 246 -52 -10 7 42 -160 35 225 91 -206 -132 -150 -226 -99 -89 -184 88 61 -14 175 -22 44 147 -24 -224 87 -135 -214 93 -9 -221 -106 -53 80 109 174 191 38 60 166 0 32 -185 90 -4 -118 -62 115 -97 121 77 -116 204 124 -124 238 52 -17 -5 -76 -242 -1 -140 -55 -88 101 57 -238 
TEST 10 ARG:-167 -73 -43 -111 152 23 8 -172 243 220 -201 235 100 178 63 122 4 -107 93 127 -28 -14 113 41 -174 195 -181 109 159 -199 58 119 -250 -1 239 -175 -216 112 -214 -63 -79 211 -173 177 126 -92 61 -54 -129 182 241 -169 28 186 -118 107 -15 163 -68 -109 82 -133 83 81 -57 -208 68 19 46 -147 0 -98 67 -163 -89 27 -130 157 -126 236 -4 105 156 42 -97 115 -108 120 -59 176 -53 -213 29 62 -135 224 -222 21 148 -234 200 -184 16 -119 50 180 15 138 242 238 227 64 181 174 44 -217 -49 -183 26 -39 -65 -137 25 -144 -220 39 52 225 135 -41 66 -193 -221 1 -176 17 -55 -186 137 11 -40 65 34 92 212 230 218 10 -198 79 -84 222 -71 -116 85 -104 13 -47 -128 -127 -240 -95 86 231 -30 -148 246 2 -18 -141 -180 -153 216 -236 -209 -123 228 -203 -69 47 196 56 -76 170 -64 75 -140 -229 223 121 -189 -67 142 -132 169 -223 -134 -19 160 -90 -156 237 -106 96 -228 5 -232 -77 139 117 -32 204 -164 -23 -11 128 158 -191 -125 -215 143 118 -38 -6 -96 30 -195 165 -225 -166 31 -75 73 -36 -212 129 -29 74 40 -196 215 108 -25 147 -138 95 7 48 24 -80 70 -249 124 -124 -224 -58 -142 203 -205 101 114 111 -46 -149 229 -12 91 194 -231 131 -26 133 185 240 -218 -86 22 -85 -21 -247 226 206 -136 247 45 125 -3 244 -143 89 84 49 -120 -168 183 51 -161 -151 173 193 -7 -8 249 -235 -242 102 -5 191 -187 -20 -44 -110 -27 72 -248 14 -238 233 -51 6 -72 -165 37 -206 104 -210 -31 -121 -22 -162 -150 232 149 -159 -91 35 -160 -179 -145 -94 144 202 -62 -241 97 -245 171 -237 205 -48 -197 198 54 -227 -204 140 18 -117 234 -146 -105 80 -192 123 151 71 197 38 -185 -81 161 -122 -157 -194 175 -170 162 -243 -37 -50 150 -112 214 153 -56 -190 -207 32 -171 -139 76 -200 166 164 154 146 -152 -131 -45 98 99 201 136 -103 208 -101 -87 -60 -52 189 188 167 -202 -226 187 248 -102 87 -178 145 -83 192 -10 -188 -113 55 57 -246 -154 78 -93 94 -211 132 43 53 88 179 -13 -230 -182 12 209 -33 59 155 106 20 199 -233 190 60 134 -35 -9 9 213 207 210 -70 -66 184 -2 -177 116 -34 33 36 -155 90 245 -239 3 -82 -219 103 141 -78 -61 -99 -158 130 219 168 77 -24 -100 172 -42 69 -114 -74 -244 -17 -115 -88 217 221 110 -16 
TEST 11 ARG:-197 229 -154 -194 89 179 180 31 75 -54 46 -56 28 -209 33 193 -115 -11 87 -60 -106 60 -207 -97 -179 -67 137 -144 -31 74 -129 85 -208 9 58 13 0 -238 -128 -42 -168 221 -131 200 -155 149 -239 -147 41 132 83 197 -3 -22 65 225 -103 162 174 183 171 -133 -134 -167 97 -192 -233 -228 107 35 211 -78 42 -143 -211 18 -156 10 94 -53 -65 124 219 -36 -86 -90 -43 -72 131 -138 -21 32 -230 143 5 50 -199 12 34 111 153 -213 -174 -250 168 -34 -122 -100 -4 84 202 19 43 16 49 165 233 -114 80 37 30 -83 170 240 194 14 112 -164 -240 -117 -118 226 138 1 -61 145 -223 22 -48 -248 -200 -205 -77 -121 187 122 -44 82 116 151 -185 -87 208 -120 55 -17 39 29 -161 215 127 -170 243 -107 -225 169 239 63 -176 -145 -52 155 -175 -141 -246 -82 -50 -20 -202 -29 -216 -47 71 144 158 51 -14 -113 199 -46 104 -189 128 -229 -249 -69 -116 -12 57 -45 232 157 93 207 54 -55 -227 -135 -25 118 141 -206 218 245 -124 148 -196 222 27 -151 47 -172 185 -108 -150 220 108 100 -7 -153 40 223 246 72 119 -84 77 -243 152 -142 -152 -219 24 212 167 -10 216 -184 -26 241 -51 -242 192 -94 3 -231 11 76 204 53 -33 -75 -66 -149 140 -76 249 -62 136 -127 247 26 -39 -183 56 -160 4 109 156 120 -93 -204 248 7 45 -188 195 159 -68 129 126 -224 -163 -159 173 139 92 -85 -180 -146 -169 -237 -190 -109 188 101 236 78 -123 146 -247 -92 175 66 -244 -212 -91 -214 231 -49 -187 95 150 -178 -71 96 -191 209 -88 -37 25 -89 -140 36 203 -177 -59 117 59 -32 -166 224 -101 -79 -162 68 133 20 237 -98 -186 -13 17 -9 -203 -2 -222 -245 -80 134 -126 -28 205 -35 164 -232 -38 73 -70 -198 176 61 135 -5 15 -173 -201 234 -30 186 52 -40 182 114 172 244 -102 -23 -234 -136 -125 161 102 44 -19 -6 -105 -210 69 201 21 217 125 -111 198 213 62 113 -8 -148 -217 191 214 -58 -95 103 91 6 -15 -119 -130 -57 48 -96 184 -193 -99 228 130 -64 196 79 -132 230 -112 -220 8 -139 90 121 -24 98 142 -74 160 206 227 -110 189 -235 -73 64 -195 147 -104 -181 110 242 70 -171 -158 238 123 -27 -182 -215 2 -157 105 210 115 154 -221 99 -218 -81 190 -18 235 86 81 178 -41 163 38 181 106 -137 -241 -16 23 166 -226 67 -63 -236 88 -165 -1 177 
TEST 12 ARG:-248 137 118 -55 85 -3 71 -203 109 76 -176 223 187 -119 -46 27 -42 -202 173 -208 -83 205 -127 174 -85 -194 -155 -72 50 65 231 -154 -75 229 -148 -68 -80 162 -100 84 182 188 185 83 -164 58 -16 216 113 96 2 181 42 202 -189 -1 -166 143 0 -86 -43 -63 -20 -130 -47 59 -105 37 152 199 77 -210 -91 -124 -172 -106 -219 -187 -11 -81 -31 132 -184 240 -23 -244 -163 -133 -61 100 243 186 -233 212 236 111 122 99 105 47 93 -89 -104 -17 -48 45 124 198 -50 -200 -18 139 184 -139 -205 169 201 9 180 160 -212 200 -5 -191 7 22 -171 -59 -168 38 11 40 123 167 153 147 -41 -65 189 -108 -12 86 15 -178 168 -152 108 178 116 107 -132 207 234 57 145 154 -206 210 106 -114 -66 203 -13 221 -177 53 206 -198 54 -96 4 -215 -167 14 209 103 245 -35 192 -21 191 141 196 -60 125 133 -136 97 -151 150 -67 30 79 -99 -144 -39 244 80 -218 248 148 134 -71 -224 138 146 -236 179 -243 131 246 -8 12 -185 56 88 176 -4 -27 -38 -32 241 52 165 92 -245 -92 -56 29 155 -49 -77 -102 195 -79 -88 -120 68 -156 -129 -36 -241 24 35 55 -62 94 -169 36 -93 -220 177 31 -111 -137 -76 127 19 -158 -122 81 -207 149 -217 161 74 -64 -138 -101 -165 220 -90 172 237 128 164 227 -45 34 -25 66 183 -246 -225 -84 -125 -109 158 -142 -196 75 -6 -146 -94 -121 163 -95 -82 -87 144 157 121 25 -229 -74 -2 -14 -51 -181 -19 -232 -140 -157 -223 51 -162 63 233 226 -211 115 -97 -15 -141 -213 175 -37 -228 -131 -103 228 -235 211 151 -227 -78 98 -58 -113 -160 -209 -247 -150 -28 190 -174 -226 -201 224 -112 130 16 48 17 -123 -70 -10 5 218 -116 -135 126 -40 -128 -204 171 -222 -197 -242 194 -199 64 110 156 104 238 213 -234 -231 23 -180 10 -170 166 140 73 43 -30 -159 -118 -134 70 -186 -195 28 193 -230 33 13 82 21 208 61 -107 204 -221 46 49 -143 117 239 60 -53 -69 219 -216 -237 -115 101 -29 -26 91 112 217 170 1 -192 -22 62 235 78 -54 3 -238 159 -52 95 215 69 -179 67 26 8 -175 41 249 136 89 -153 -239 -214 -117 -145 39 -193 232 129 135 -182 72 -188 -57 -190 44 197 222 -240 -7 -24 247 -250 114 225 32 119 102 -44 -98 87 -73 -249 120 142 6 -34 18 -149 -183 -173 20 -147 214 -126 230 -9 242 90 -110 -33 -161 
TEST 13 ARG:-164 184 63 235 -237 213 -194 -21 -68 46 -78 81 51 152 -6 205 196 243 -74 42 -1 225 136 219 -131 5 236 8 -247 -215 -128 -32 218 -52 206 240 -173 91 -218 -154 93 -181 -137 -17 -161 221 179 -134 -101 -202 87 -170 -117 -42 -242 -122 228 118 -114 34 -61 155 -49 -63 -142 22 -151 44 -103 170 -8 -189 99 129 -166 -205 117 -64 -98 -211 2 27 -51 -106 -206 -209 -174 -135 -119 160 111 -224 190 -155 187 33 -39 -62 103 107 -219 72 94 -76 -77 -66 168 70 -140 -165 135 161 66 -121 -233 16 39 -187 -212 -53 -34 154 -192 -228 -107 180 59 -13 -127 247 -139 3 58 -133 233 -198 -204 -185 95 120 106 158 181 192 215 38 222 -203 -2 -11 125 -36 75 49 -230 128 237 -126 -235 -28 148 -20 -124 96 -15 41 -214 -73 -12 -47 100 54 -217 -180 61 -191 207 50 -186 11 -169 110 -72 113 -195 182 7 -115 69 -30 28 15 -216 104 65 -18 -229 173 126 -158 -138 -82 -250 -87 4 140 -116 -184 -14 239 119 -48 -95 -136 -179 -113 -5 217 -210 108 216 -50 156 223 90 -43 -23 -243 145 188 171 80 31 -84 -81 151 -96 -26 142 -109 37 -153 -150 -25 -240 -54 -220 -239 -38 -196 35 -178 6 -226 -118 232 -201 229 159 169 -110 212 199 130 89 36 122 193 203 -246 -102 -232 153 114 189 48 -105 141 146 -88 -200 123 131 191 21 202 -46 -168 134 23 -80 -104 -183 -100 164 -10 -29 -89 -108 24 -79 47 109 246 249 102 -99 234 53 -176 -44 116 -45 -193 79 -141 -222 198 -167 -27 56 105 -123 85 9 -56 -65 -93 242 -41 30 124 78 -19 -75 -244 -148 92 -236 -58 -156 -129 226 137 112 127 176 -157 64 -7 178 115 -60 67 -4 -190 -120 -71 -231 1 -159 -31 -91 227 174 197 -208 -55 143 29 166 76 214 241 -94 -248 26 -162 -160 -234 224 12 149 204 -85 132 -221 -188 -223 -130 32 52 244 17 -67 200 -213 -70 18 -59 0 101 -207 62 -144 201 -132 84 -199 57 -111 167 -146 186 157 -57 -171 -33 71 -86 -90 -175 55 209 25 230 60 220 -152 138 194 144 -40 185 -238 183 211 -249 -197 163 -182 231 88 165 -37 245 -245 82 98 13 -9 150 -177 73 -149 -241 121 -83 83 -145 43 -35 -125 19 -172 248 175 -163 172 14 -97 -3 86 20 77 -227 133 238 -143 139 195 -147 162 177 147 97 74 -16 -22 -225 10 -69 208 -24 -92 45 210 68 40 -112 
TEST 14 ARG:-88 -72 -243 -56 156 109 -98 -42 -8 -206 -228 241 239 14 -236 -122 183 227 145 -229 2 -86 -144 -59 -5 -169 115 -232 -245 84 138 -234 219 97 33 194 105 -167 -166 -4 71 -171 -90 224 -235 237 179 -201 -111 104 -238 87 143 217 80 53 245 85 -182 226 -64 195 -185 -240 -94 -239 160 91 -133 -21 -214 -136 101 203 173 209 -87 -66 -67 24 -26 7 103 -154 -22 -175 -107 200 -187 11 116 133 132 148 -50 -2 208 -46 -143 81 93 -12 222 77 65 -31 204 -244 122 21 -113 95 -114 146 -85 213 -118 -174 88 -20 -57 -52 124 31 56 -126 58 246 128 174 -65 13 -237 167 -78 112 -18 242 -138 168 -11 -141 214 -147 215 225 140 26 -77 -156 -30 129 40 -49 205 -54 181 -221 207 -70 235 -194 -61 131 83 -63 -76 59 -81 108 247 -97 28 63 -219 202 69 -29 -121 -84 96 -213 123 110 -36 139 175 62 184 -180 -222 -181 152 -215 15 18 -134 48 51 -14 243 -220 185 47 -216 99 -162 -135 187 244 162 54 -7 -165 -92 -43 -225 -231 -170 230 118 4 -100 231 -178 -99 41 -157 68 135 192 -190 8 3 -173 -101 180 147 73 49 136 -163 92 120 142 67 -53 165 -242 -60 -10 -149 -177 -34 117 17 -9 -32 -184 -1 94 240 -74 -212 -116 248 -96 -188 -192 -109 -176 -93 -124 191 -130 -16 -227 -148 -200 37 -120 -193 233 -207 -112 137 190 -172 197 193 74 -127 -115 -104 114 -183 -248 211 155 -159 -71 -91 210 -196 -45 -186 -168 149 43 -208 196 159 -48 30 72 36 -197 -189 206 130 199 20 -241 228 216 223 -233 52 236 -246 -19 -205 -123 169 -33 -179 -224 42 78 -139 -73 -211 -164 -137 161 178 220 -153 -117 46 -82 -41 -204 75 157 234 -58 -155 -3 22 -210 -191 201 172 150 -13 121 154 -40 76 -131 -102 -35 -51 218 164 -110 -28 -209 -80 -223 -226 -150 -199 -158 -218 -37 100 32 -55 -247 45 106 50 -62 60 232 144 98 -230 198 163 44 -152 182 127 0 1 -160 -161 34 9 153 -103 -145 119 -17 229 -79 -108 158 -15 -249 6 186 -140 39 90 86 -75 66 10 55 -250 -25 -217 19 29 -105 113 -6 89 -89 12 125 -119 -198 -83 107 16 -106 -23 -202 -27 171 79 -128 -203 111 -69 25 35 64 -151 82 170 238 57 70 -142 -44 61 177 23 141 -132 126 249 102 166 -125 188 -47 38 221 189 151 212 -39 -129 134 176 27 -95 5 -195 -68 -24 -146 -38 
TEST 15 ARG:-173 213 98 126 152 -141 -44 -198 -18 -236 -162 40 -206 -136 136 48 225 -125 215 92 52 -86 117 173 -93 -180 70 81 175 -62 -90 -157 -80 -211 26 14 96 129 -69 237 147 -60 -49 -190 193 183 -182 -200 -168 146 202 239 228 42 82 -3 -210 91 -99 68 46 -70 -156 10 -116 87 -5 -189 89 33 13 24 -147 -114 -244 -126 200 212 137 -164 123 -144 245 -97 -100 116 -224 -174 150 -32 214 -20 -103 174 120 -36 -26 25 -13 20 -24 105 101 43 -201 236 94 57 17 -53 -167 138 64 -59 -43 227 207 -154 197 -231 130 -246 -109 -85 170 -193 -146 74 127 54 -73 5 -78 -61 -28 119 -35 -91 -107 93 -29 75 -71 191 -247 83 29 -149 32 -41 2 -130 -50 -183 86 128 99 194 -248 -202 -56 199 -143 35 -48 -220 217 108 -34 22 71 164 58 135 114 -55 149 211 140 -27 -161 -31 -9 -1 0 -188 -176 -45 -21 39 72 -229 -209 195 -75 23 -240 88 241 238 232 131 153 45 -203 -175 -239 -89 50 -47 -215 112 73 47 244 134 -135 -10 4 7 247 132 180 -241 -134 190 -221 -232 189 242 110 113 -184 -228 49 -158 -76 133 -242 77 95 16 246 210 84 -213 -8 90 -67 204 -64 69 -124 -57 -111 -171 -19 160 169 -196 -132 -235 -223 102 -115 -217 224 3 -219 -159 -212 159 192 30 -4 -166 177 -74 -83 12 -138 34 -177 -185 -110 249 -234 53 221 -191 -163 37 201 203 -208 -179 11 -37 206 -199 66 62 -192 148 172 -216 -12 -245 220 168 178 -23 -104 -118 -39 151 121 -84 -139 -186 196 -96 218 158 -15 -131 -68 -140 -205 -58 -46 216 -63 15 176 -121 181 -122 -79 -7 1 -117 -127 63 186 231 56 -155 -92 165 248 -169 157 -227 -17 55 234 144 -178 -123 -160 -16 67 61 -52 -237 155 -102 115 -101 226 -77 9 -42 -30 109 78 -88 -82 -170 -152 65 162 -150 188 179 -94 36 -250 38 -142 139 -133 8 28 -230 21 60 -249 -106 198 -38 240 44 182 41 -226 -165 -148 118 -243 -108 208 124 163 229 19 142 51 145 -233 141 85 111 6 80 -172 103 -187 -137 -72 18 -207 -51 -65 122 -195 -153 -6 143 205 -222 -197 76 -113 243 167 100 -81 -218 154 125 -98 185 -14 -129 -2 -119 107 -151 -33 223 222 -194 -40 -238 97 209 -22 -204 -120 106 -112 156 -214 161 -54 -66 233 -225 -145 166 27 104 171 -87 -105 219 -95 -25 187 184 230 59 -128 -11 31 79 -181 235 
TEST 16 ARG:-230 194 -121 227 -103 -100 -243 -130 -218 -249 5 -201 218 77 -132 -22 -127 56 -51 166 242 52 -57 182 51 -29 98 176 -79 -227 -25 -191 -105 -240 -182 -207 41 -11 -143 -180 -126 -149 239 187 -225 186 -248 165 179 27 74 216 -59 88 -139 -95 -229 -135 -23 62 -158 131 234 -111 -94 222 117 8 -83 -110 -193 25 40 212 106 79 100 -76 110 164 -13 -24 61 236 -231 1 44 -39 241 189 -15 -228 -220 9 81 -234 116 -200 -41 -206 -144 15 -32 69 -9 123 225 153 -204 -17 118 -52 243 -203 109 -2 86 37 -113 172 -223 -116 157 -74 -239 -102 -170 -179 142 128 162 -20 -187 -238 -233 221 -155 143 89 137 -75 169 32 161 173 -68 240 -169 -241 -33 233 67 190 85 120 -213 217 -166 -131 205 -73 185 -54 -96 -66 -247 -119 -125 -197 45 156 178 -107 -97 -53 31 150 33 24 214 115 -198 -34 202 -164 -56 107 -37 -208 163 -161 -77 72 170 -62 28 104 54 -81 126 -190 -152 68 76 -215 -151 -163 -217 171 199 26 -48 101 151 245 113 112 59 192 197 -99 -1 -123 145 183 235 155 -64 129 -50 78 49 65 -91 -78 -98 -60 -27 99 63 -4 -141 -124 87 -172 174 -216 -210 -16 -221 122 39 -199 -112 48 -232 -153 -120 -186 108 46 168 -14 -82 206 244 -3 130 -36 154 -168 -8 -185 -84 35 220 -67 219 66 147 247 13 191 146 83 249 215 -145 93 -31 -106 -10 -134 -173 7 -43 -183 90 -242 -165 -63 196 -194 231 -89 -146 -44 105 102 53 16 203 -142 -148 80 75 11 -157 -72 211 -196 -26 -205 42 152 -159 -236 -219 -65 224 10 58 238 -189 -195 -19 141 -115 210 97 -6 226 38 -7 -117 -174 -137 -178 -171 -211 -86 230 -162 204 -250 175 -93 -101 -128 -5 144 149 160 -40 125 201 82 -46 0 -80 -147 -181 229 188 213 -150 91 140 -224 -133 -12 50 133 -138 -209 124 103 180 17 -108 36 95 -42 237 -235 181 -167 12 195 167 -92 -245 -18 228 60 -160 6 18 159 -35 121 71 -226 -55 34 96 200 55 -38 3 223 23 -246 64 246 -156 84 20 4 -90 132 92 -45 47 19 135 -109 14 -28 -87 139 248 -21 -192 114 -122 94 -85 30 198 -104 70 -188 -154 -202 -49 21 -244 22 -222 -237 -136 -212 119 -69 73 209 127 -177 -214 -70 177 134 -30 57 -71 -61 -118 136 -184 208 193 184 -88 138 -140 -129 43 148 232 207 -58 -176 -114 -47 111 158 2 29 -175 
TEST 17 ARG:-76 -1 35 170 -117 -45 -178 -71 -75 -15 -4 -58 154 -168 -19 74 48 44 53 -61 242 -202 80 -142 -147 -42 165 142 -196 -108 -84 38 99 193 -163 -35 -93 -155 229 71 -52 210 -103 24 -40 -49 -105 -13 -125 4 158 -218 159 221 -55 -136 -122 -214 -121 66 135 192 -223 28 -226 -51 -120 67 2 -27 153 -74 91 -7 21 -131 23 -34 139 -10 30 -236 204 130 26 -129 -200 243 -79 101 -201 175 15 -157 174 -109 -186 103 -97 -177 -95 79 -174 110 -230 0 77 47 -206 -193 -243 163 207 -175 -73 109 105 -124 64 107 171 -77 133 -148 199 90 -12 29 176 -228 -152 -5 6 -229 -70 -32 -48 -166 177 -160 -30 1 -63 134 32 -60 -118 -85 218 231 206 215 39 -150 -94 -224 46 58 -250 148 -212 86 183 -119 -244 70 196 217 147 108 219 -111 123 -241 111 -245 211 222 61 -106 62 95 41 244 -180 -14 227 131 -137 114 17 247 248 -138 102 -199 151 -104 235 -141 189 -114 -82 122 -171 169 223 92 -59 96 83 168 37 129 188 144 117 78 -179 -198 118 19 126 -213 -159 121 33 -88 3 -112 -189 197 -242 125 -235 -87 112 198 -181 128 187 -239 132 -151 230 116 82 -9 220 -17 -43 160 97 -123 208 -143 -216 27 246 54 -211 180 -96 -154 59 16 -29 100 205 -233 -78 -11 -50 241 20 119 73 43 -38 -246 -240 -132 88 216 50 -47 -221 -162 -41 106 -57 -134 124 115 -64 -23 7 -237 -127 -46 13 31 -153 -110 234 84 12 137 57 -36 11 -149 156 161 145 152 236 245 68 -102 52 -37 -92 -172 209 87 -164 -182 -215 -65 166 -191 34 10 -26 -130 -99 212 185 -91 143 -22 8 237 -81 -248 -194 -101 184 214 -234 -2 -66 -54 -31 -169 228 150 -18 22 157 -173 -33 -249 -115 146 75 149 200 -197 162 55 232 -16 -126 190 -107 213 42 -207 65 -83 -3 -145 172 -205 5 9 -165 -210 -156 -98 -133 -80 -192 49 249 -89 45 -28 -68 181 -8 -139 -217 201 -167 -69 225 -56 138 -232 56 25 167 -135 -53 -187 191 164 -144 -190 -20 -204 -21 81 -247 63 -188 155 -72 -170 173 85 -25 69 226 -146 -183 72 239 113 -86 -100 36 -161 -90 -62 -184 40 -185 89 194 195 -116 -158 -128 140 136 14 224 -203 240 51 120 179 -6 238 -222 -231 -113 94 -225 -39 60 203 -227 127 -140 202 -219 93 -238 -209 233 -176 104 -44 -24 141 76 186 178 -195 18 -208 182 -220 98 -67 
TEST 18 ARG:-223 -93 -146 100 -236 3 -184 -61 -57 0 -183 11 209 97 -168 147 -242 -48 -96 -176 26 233 132 -159 -127 49 130 87 -74 -239 -86 -203 -24 192 14 223 -177 -156 8 93 -194 210 185 -137 42 135 -141 -110 24 -230 -147 -173 -124 -69 155 80 65 -195 173 -180 92 -37 59 -65 -116 225 75 -245 167 30 -238 177 -136 151 217 68 -12 207 98 195 139 55 -142 12 -243 -22 -229 215 -17 27 -133 153 48 53 5 -233 232 128 194 -21 -152 246 72 -189 -109 143 -100 -192 -232 -174 73 74 150 -205 127 -163 110 -105 -58 33 247 -143 104 -222 69 -91 -128 157 171 6 -117 -187 228 -210 -49 189 166 -208 -28 -82 34 -234 -211 -215 -4 -46 22 140 242 -103 -209 -18 -3 -101 -13 19 -6 61 172 222 99 -47 7 118 -198 -92 141 180 -10 -70 221 -237 -79 81 -75 108 44 216 -50 -129 238 67 -63 129 -54 239 28 163 89 -220 10 39 220 -81 144 -191 198 116 -111 -155 -71 121 205 -60 236 137 202 200 -112 -172 213 206 41 9 -138 -2 -217 152 -213 -23 109 -45 -201 -175 176 36 243 164 149 154 60 103 71 107 -149 -73 -190 -25 -178 101 102 203 70 -164 131 -248 -161 -42 50 -199 -72 -1 -144 -36 82 145 -226 -179 57 -249 46 199 -166 16 120 -29 -59 51 -162 111 197 -11 184 52 229 -80 91 -171 134 248 83 117 79 -188 136 63 -40 45 -224 -170 -212 -9 -244 66 159 43 -87 38 -118 86 32 -56 201 95 -14 -115 -32 -66 122 182 -151 186 31 96 -41 -167 156 219 -15 179 -20 -218 -89 -196 -214 -122 -228 -77 -158 146 88 40 158 115 21 -106 -44 -126 -78 54 224 85 -216 -38 -125 245 -185 29 249 218 25 226 -31 112 -202 -181 -104 62 -99 -169 -119 187 76 15 -98 -227 -102 123 -225 -206 178 -240 -193 -154 -107 -52 -219 -139 -39 175 168 56 -204 133 -108 212 162 160 -62 -16 181 58 196 2 -90 -85 -134 -7 237 114 -123 -26 17 211 -120 234 37 -247 4 125 119 23 -88 -130 -131 214 -30 161 -64 106 190 188 -114 191 18 126 -165 77 -182 64 142 -8 -231 -68 13 90 -148 227 -84 230 193 -235 148 35 -95 -51 -43 169 -113 -94 20 -34 -246 -250 -160 241 -67 -27 244 183 113 -221 -200 124 -241 -5 -197 -97 -132 -140 -157 94 165 -121 240 -207 84 204 235 -19 -53 -145 -153 174 231 170 78 -55 -150 -135 138 105 -76 1 -186 -83 47 -33 -35 208 
TEST 19 ARG:246 -52 -124 -54 111 -157 49 -226 -173 5 -97 -229 113 -34 -196 63 231 -155 46 215 22 -243 45 -212 204 151 13 182 -108 -37 25 172 48 106 -96 -216 148 -16 142 -53 -241 41 245 -122 -62 -134 201 -206 126 189 -174 -15 -105 100 -195 170 19 -28 -168 -218 30 39 145 -33 -69 -178 107 183 184 -51 213 203 -209 -115 93 -234 238 132 -215 -185 122 73 -248 144 -66 -166 160 -231 101 -191 -163 143 82 150 91 232 117 35 -214 57 53 -201 -158 153 -242 173 -104 227 43 -235 197 -74 79 -8 136 -131 -200 -117 147 74 -18 28 110 -230 -27 -98 -73 -9 55 97 86 -146 -40 -176 85 32 233 -179 34 2 181 15 -68 9 8 -39 -239 -17 21 77 -114 167 -205 -237 -70 176 -107 -20 193 -192 -99 -56 47 -180 -181 212 102 112 -143 -32 -149 75 59 60 -247 -23 -41 169 -50 154 -246 88 226 161 20 -221 168 -144 217 109 244 40 -95 235 214 -92 -44 -177 16 -87 -245 7 225 104 12 237 -232 131 81 42 -154 -12 -14 -30 241 228 180 -127 -3 209 -238 -128 171 -147 -82 -148 -65 83 -186 206 198 210 211 -203 -172 -119 -140 -170 14 185 -224 -189 -81 -111 -244 149 -133 -84 -193 -121 10 56 -31 -45 33 -101 -126 -175 78 -57 -184 177 -188 -141 179 -91 87 -190 -208 -219 -145 162 -100 135 -233 68 70 0 -198 23 -71 67 175 -123 159 -187 224 62 -153 -61 -80 -202 4 -90 196 174 -142 199 -29 129 191 54 -7 -197 72 124 207 248 133 -171 202 -182 223 125 -46 44 127 195 -135 155 -64 -159 66 -139 208 92 -165 64 -129 -250 216 -79 -75 96 -106 -60 -11 -24 -78 94 51 190 -25 11 192 205 -77 -67 -199 -183 -88 31 249 76 37 71 -160 -4 1 222 -2 36 -19 164 84 -116 -38 18 120 -161 -48 -169 128 -102 17 -228 156 50 239 24 -137 90 -227 -6 130 -249 -136 105 194 58 137 221 242 26 178 140 158 -89 108 -138 -21 243 52 -130 186 -47 -93 134 219 240 146 -132 119 -26 -63 -204 -58 -223 -55 165 -103 -118 -222 116 -207 -110 6 -112 99 61 -5 157 -220 -150 -225 -120 -72 200 -83 121 98 247 95 220 -125 118 80 -59 187 -35 38 115 3 -210 229 -236 -152 -22 -211 230 -194 -94 -156 188 163 -217 -42 -213 -240 -10 -113 27 141 -49 152 -164 -162 236 123 89 -1 65 -13 -76 69 -36 114 -85 218 -86 -43 -109 103 138 139 29 -151 234 -167 166 
TEST 20 ARG:48 60 -209 -45 -198 204 59 233 -203 -206 -133 -139 -71 -106 -132 -91 -48 158 51 -205 -29 -191 222 -201 195 -80 -226 68 122 -19 156 -174 148 212 -211 -214 174 133 -36 102 -125 -66 -167 203 -14 152 -77 191 74 -212 109 230 -108 220 -74 177 95 -73 -219 -225 -231 14 -202 110 41 28 199 5 81 -149 -165 244 -119 142 -161 -22 -147 39 121 -196 -20 13 223 -218 -230 -34 -51 -41 45 69 46 -23 137 145 184 3 -141 217 16 -134 154 176 47 20 -52 26 -120 234 30 -145 -72 91 89 -76 119 221 -30 164 123 24 -69 112 173 37 -181 -50 -112 -93 -186 246 -49 -131 19 -185 83 -172 101 167 -100 -224 -15 103 35 -27 178 -208 -163 0 -140 -2 208 -5 -228 -67 65 151 -194 245 -113 10 153 64 -11 43 -195 207 2 128 190 -128 71 4 -89 -241 -250 -81 -21 125 -68 -150 -39 -101 -146 -200 -160 131 8 17 -54 -192 -33 -234 -46 -53 -64 -26 -233 182 240 53 61 183 75 94 214 -109 213 -18 7 -110 85 38 -164 -114 -244 -176 6 170 -171 -144 -42 36 115 219 -99 187 181 -180 -35 -117 -116 -92 159 92 209 -153 -190 211 86 236 -187 132 -210 166 -152 105 97 57 63 -135 11 198 172 189 238 32 106 108 120 -247 139 -151 -169 235 -227 -37 -7 -105 70 229 -12 -243 111 -59 29 -148 134 192 -177 -126 99 -32 201 226 -129 -229 -122 -3 56 165 -127 22 218 55 -24 -115 -86 -137 40 160 144 155 -235 -103 -215 93 146 -17 -222 -143 -142 -44 12 -40 -216 210 -8 -104 82 -162 -90 196 130 194 -98 88 -240 -95 -97 -70 -236 25 -111 54 -217 -156 140 232 -158 -182 -13 149 -179 104 -85 76 -248 -166 237 -61 -183 72 127 -88 202 -94 67 -207 27 169 52 -232 -28 231 58 180 -57 -62 -4 215 -237 -124 -245 143 116 80 -154 113 -83 23 135 107 197 168 -38 179 163 -47 175 79 193 -43 -159 -155 15 -130 42 -184 114 117 -168 90 -1 161 -238 205 248 49 -193 118 -118 -78 -221 224 -178 -199 -204 34 -189 162 185 18 -58 -170 188 -213 157 96 -239 239 -9 -242 247 -136 216 -197 -249 242 31 -96 44 -220 -31 124 138 200 -138 141 206 87 136 241 -173 -56 171 -123 100 -107 227 50 150 -175 147 -84 -102 -63 1 9 -6 -60 73 62 -223 -16 -82 78 225 126 -157 243 -188 -55 77 -10 66 -79 33 -25 -75 249 186 -121 129 -246 84 98 228 21 -65 -87 
TEST 21 ARG:50 16 -188 -34 57 -82 -125 1 23 238 -128 -166 175 101 -217 -22 -80 -26 37 71 100 -49 32 225 -224 194 36 -200 -214 168 138 -127 -162 -51 29 207 -39 118 199 -95 -77 102 234 -6 77 -50 -79 -219 -196 240 130 -108 -14 52 -116 58 152 -101 -129 217 -189 191 -105 173 202 218 228 189 113 -171 132 -204 55 13 -31 -191 209 -130 -155 142 -19 167 -228 -122 25 88 201 -133 -180 177 -150 73 124 -242 134 170 -161 -145 206 -197 -123 -111 -8 -20 119 8 -202 -223 -167 -194 -135 157 171 184 67 -62 129 94 223 187 -165 65 -226 -208 122 -174 -17 -137 83 -124 -138 -221 229 -33 247 236 111 198 203 148 -100 188 -28 161 -12 -198 -141 70 -245 210 -46 31 -143 -3 79 87 186 179 -41 92 -152 4 -36 34 -60 22 -113 -107 -88 106 220 233 -78 -16 -131 190 93 224 -42 41 -65 192 62 -56 -220 -132 -209 160 182 -230 -179 172 69 -168 -106 30 3 -203 -21 -15 -157 -246 -213 38 -25 39 -240 -99 -206 -13 -207 -9 -177 -103 200 20 43 164 66 -215 246 235 -140 -83 -63 165 91 47 -94 -136 107 183 -52 -238 -156 211 237 -71 -96 -117 -64 -90 -231 154 -243 98 -244 -187 -72 -55 241 213 110 -182 95 143 -2 185 60 -32 155 2 -37 232 -172 -193 -121 112 -29 135 10 227 178 156 61 -169 -57 197 222 243 144 109 46 174 205 97 86 -23 -154 -91 11 5 -104 59 15 -235 -30 -59 196 231 49 120 -73 -184 169 -160 151 9 -205 -5 81 -45 -159 -43 18 45 -239 221 -10 26 -147 163 114 -250 244 -225 -153 -120 -248 -199 208 63 195 7 146 126 -170 -70 -119 -7 -75 74 -146 19 -176 -175 12 -18 -227 28 -112 239 -58 0 27 -164 -192 131 -109 230 212 -232 162 -181 64 150 -54 56 248 181 -85 176 -134 108 6 -201 -236 42 -61 84 -92 -237 51 89 -249 -216 -110 -24 -48 -68 123 -86 -1 147 214 166 -93 -115 -158 -4 90 -190 -229 103 -84 -102 -210 44 -38 128 -218 -11 216 -27 158 219 145 -144 -87 -195 72 -234 54 -69 85 78 48 80 -178 180 -151 215 125 153 35 149 96 75 -81 -142 -67 -35 -185 -247 -241 117 242 -186 -149 21 -76 133 159 33 99 -212 116 14 -114 -148 245 141 -139 140 24 -74 -163 -222 -53 68 127 -118 -97 53 -47 -173 121 76 249 204 -183 139 -44 104 193 137 226 82 -66 -211 -126 -233 115 -89 17 -98 136 -40 40 105 
TEST 22 ARG:61 142 165 -192 -109 200 -152 -64 195 -128 -157 -15 86 47 52 -215 -168 -87 126 25 218 232 44 -228 209 -103 163 -137 236 -223 176 -29 -38 87 -41 -69 2 115 205 -142 124 -247 13 -125 125 55 143 -40 -83 94 201 3 215 40 71 187 130 78 233 -46 139 63 -129 108 -201 149 -162 -180 144 -153 15 37 -169 111 -213 -53 183 -219 0 155 68 -61 -207 -91 127 207 240 -28 216 175 74 76 229 182 -10 22 138 140 -101 -62 32 -3 -112 131 53 83 -164 -149 18 -237 -11 38 21 147 185 151 134 132 193 73 -148 223 -58 65 -242 246 -66 -1 -183 34 -120 -78 -82 -188 -132 -35 -245 7 70 -131 -204 107 225 169 -241 -4 -49 -25 222 -172 -233 -90 46 100 -72 -99 -50 249 56 239 -221 247 -52 -22 161 -43 -141 59 -171 97 226 67 -177 60 114 -226 244 206 -102 -42 -248 237 -147 -181 191 -220 -81 -79 -45 -111 14 -85 177 189 -92 197 35 180 -6 1 -94 213 210 -107 -229 -163 228 133 -33 -191 -140 -88 -249 -165 -208 241 -96 -18 57 116 238 190 135 -175 79 171 227 -231 -34 243 -117 49 -143 -244 84 -203 80 31 -118 -224 -30 231 85 -56 -232 89 -5 -170 -234 -47 242 -236 33 -225 245 -36 221 -16 174 30 48 -214 -161 -184 -24 -93 -12 154 164 50 -189 121 -210 -139 -243 -206 5 -37 -166 199 -70 106 -176 11 234 -185 104 120 122 198 8 -105 -19 -59 158 -197 -133 93 -230 148 -135 -136 36 81 -9 141 -60 -97 -126 -216 157 -173 45 12 -84 39 -158 -202 -65 -20 99 54 -80 98 -146 -239 -209 128 103 202 220 -100 29 -150 212 -23 101 -89 88 -218 -127 -67 170 -174 -238 -106 136 194 248 -86 -51 -77 -194 -104 -124 6 27 -159 172 66 224 -8 -160 42 -31 -235 -98 145 168 162 -144 -205 24 17 -246 20 -17 -186 166 219 -116 62 -250 129 -39 -27 102 113 -114 -32 -74 -123 -211 -138 160 -156 82 123 217 -240 119 -187 -108 137 192 -54 -196 -195 -130 211 -121 153 -48 23 -63 186 230 118 96 156 -75 -155 235 41 -14 92 26 -217 181 77 109 -115 -55 188 112 -44 203 -26 -154 -57 -193 179 -119 -7 91 75 173 159 117 214 -13 4 72 9 -71 64 -182 146 178 110 51 -212 184 69 10 19 -190 208 16 150 -2 -179 -21 -113 -167 90 -199 -227 196 28 -134 -122 -110 152 167 -145 -76 43 58 -151 -200 -68 -198 -222 -95 204 95 -178 105 -73 
TEST 23 ARG:141 -101 -54 -107 53 207 86 -197 189 62 -185 -52 -139 19 84 135 -97 -140 205 -88 100 -238 -153 -55 -137 101 -112 147 -130 -209 37 154 -199 33 -167 -156 -46 -213 10 185 -233 57 -34 -210 206 -1 215 181 73 230 -105 6 24 121 -181 180 123 78 239 -62 8 -148 -151 -82 -154 -110 169 233 22 -111 64 68 -106 48 139 -47 56 -127 -217 63 -186 158 132 156 42 89 -117 -45 108 -172 -149 90 -207 45 -178 -68 229 119 38 -212 -177 -28 -204 -215 -141 -79 16 -27 120 -250 -158 -29 -90 235 217 99 -227 225 7 71 -128 -40 -35 -159 -170 21 -18 -21 -187 131 -118 -200 -38 -80 -65 -41 177 176 155 69 4 -103 50 -180 -198 -164 -120 -246 76 91 -147 -58 -123 -71 -196 -72 79 -114 5 77 196 -195 23 -109 87 130 -36 114 -12 20 58 106 34 107 -242 149 201 224 -8 83 -48 146 137 36 -19 212 -182 -133 98 219 188 246 211 221 166 113 128 104 -5 26 -99 29 187 31 -3 -15 -236 59 94 -31 35 70 -25 -142 193 182 81 236 -214 -22 -108 -83 72 184 -221 -56 134 -235 172 170 2 66 227 -152 -145 27 -232 168 -157 -249 51 -100 248 65 -74 -201 -89 -189 -39 242 222 -98 174 54 61 -239 93 243 -216 -20 -59 -9 -81 152 0 -91 -171 178 -219 -138 -132 241 -69 -57 -247 249 -163 -96 163 140 110 122 218 -165 -49 -122 103 179 14 -191 210 -174 92 85 9 -131 232 -70 -10 97 88 -173 112 -102 44 43 -86 75 228 -2 17 138 32 -155 80 245 40 115 -115 213 -6 -11 190 231 -202 -17 -226 186 124 -53 -43 142 -26 -248 -129 192 164 -30 67 208 -203 171 -93 159 203 -234 197 -229 -237 -113 -166 -168 -194 -176 -230 160 220 -161 118 -169 -211 -188 49 28 -73 96 198 -37 -134 -241 -16 -135 18 -24 -150 191 202 216 -13 209 -208 116 247 -218 -33 -222 82 -116 -84 -143 55 -160 175 -175 -144 234 195 -124 -42 -224 240 13 95 -190 52 223 -125 109 -184 74 204 -77 25 -87 157 -192 39 -162 15 126 162 47 -60 -121 -50 133 143 -183 199 117 -228 46 41 165 194 -78 153 -104 238 -119 -61 148 173 -67 1 -95 151 -92 -51 -220 12 -94 226 -206 150 -205 -76 -243 11 167 145 125 200 -64 -193 30 -223 -23 -4 -136 -7 161 -225 60 3 105 136 111 -240 -146 -244 237 -32 -63 183 -75 -66 -231 -245 -179 -85 -126 102 129 144 127 -14 214 244 -44 
TEST 24 ARG:153 -175 -239 195 -243 158 -43 63 56 173 73 -213 10 -35 9 -4 181 199 245 -95 -106 41 222 -221 135 -226 20 -125 141 162 110 223 -248 -119 -75 66 -84 -211 100 244 -116 246 39 -38 -229 207 80 50 -192 227 -104 -209 -155 -191 -138 -245 -220 -55 78 57 74 -156 -242 37 69 -93 -100 -210 -206 178 -96 71 -185 241 48 182 -135 -82 216 -21 -222 65 -194 -6 -120 -8 193 -224 -225 -238 -53 109 33 -59 -172 117 -236 242 -132 -102 -31 84 129 190 -139 -200 89 -193 -130 -58 -105 197 -231 -12 60 157 209 202 179 -246 175 -204 -20 -45 79 131 -183 124 -62 -81 101 -129 -184 -49 118 -113 -61 -30 92 -217 99 236 233 -146 68 -160 121 137 105 53 36 210 76 196 83 54 -241 -80 81 230 111 -42 -227 11 211 -92 -83 -181 -34 -197 -64 221 -32 -86 -110 -117 64 215 -44 85 -60 -107 185 77 -137 -128 42 -40 52 -91 -168 159 38 2 -97 -177 128 -144 4 200 177 219 154 -121 220 161 -108 -153 191 -237 205 194 203 72 -154 59 201 247 -54 -186 -218 -189 6 115 22 -164 -67 8 -52 249 3 -7 -249 -145 -150 16 -3 -88 -74 43 171 228 237 -202 -14 87 204 -56 208 -169 -109 -223 -79 -199 -244 125 126 34 156 -174 163 -73 -219 -234 138 -124 183 165 -214 29 146 -112 113 139 -207 -98 -70 -85 -157 -72 88 -1 -170 61 7 149 213 -10 -122 -141 -216 45 24 -25 212 238 108 103 46 102 25 -18 170 23 40 -201 -203 134 -149 -90 12 -127 232 184 27 151 96 47 -13 -163 116 62 17 -50 31 44 32 -51 -148 147 229 248 -208 120 -230 93 75 168 -228 122 -162 189 119 142 -77 86 -39 -15 107 148 -115 -147 -136 82 58 -71 164 214 28 -173 132 167 -131 -133 -63 127 -22 -195 -190 -94 -247 98 -143 104 -165 35 -57 145 -17 30 106 240 123 5 -233 180 231 26 -196 -114 -65 13 -167 70 -46 235 -178 -2 -16 -140 133 140 186 -134 224 -28 206 187 15 95 -9 166 94 -240 -152 -36 239 -187 -161 -24 -29 -166 -89 155 152 226 -68 -87 -66 -111 49 97 -182 234 14 -103 188 -19 -48 150 160 -69 55 -215 -235 -198 143 -99 198 18 112 -26 169 -23 51 -126 -27 -158 -159 -33 -179 -176 144 -78 -232 217 -118 90 0 -205 -171 114 192 -188 -5 225 -41 -123 130 1 -101 -142 -76 -11 -250 176 172 218 243 67 174 -212 91 136 -37 -180 19 -151 -47 21 
TEST 25 ARG:187 170 -123 67 183 101 -154 -105 -50 186 -171 -13 -147 83 -173 -1 111 -142 -244 -175 -39 21 168 -191 36 99 -165 -223 173 -237 -149 98 147 -155 192 -249 150 -234 177 -219 165 -129 -23 -9 220 -128 127 59 245 -241 -221 -61 49 136 -71 228 -216 -59 -118 -56 137 152 2 -36 236 -22 234 226 65 219 -73 88 -100 -148 -224 -20 94 -225 151 -133 -160 -180 237 248 8 -167 73 -88 -132 -206 97 -157 161 196 42 199 194 -168 -192 -215 -240 -193 240 11 -68 -117 25 -112 48 156 -99 189 -38 141 -213 239 95 162 -228 32 163 -29 96 -208 79 -185 -91 211 -246 -195 -125 -226 -45 -245 -28 -70 -212 190 217 -65 130 124 34 128 212 86 62 -166 -141 204 -161 -214 -40 24 -44 7 143 -151 -139 -231 -152 12 40 -196 171 218 155 31 -178 180 66 77 118 -81 142 -145 203 -104 110 -138 5 -27 -137 214 -227 89 -89 -35 102 51 -69 -12 -170 -25 60 -74 -239 -93 -3 -76 -130 -17 232 138 -230 -200 -218 -122 -92 -80 -229 53 -53 209 -163 43 54 144 -201 206 58 85 -236 -209 82 64 145 -164 46 41 6 -121 208 174 166 -109 -64 -41 231 -57 -52 75 3 -16 185 -177 -108 18 140 222 233 -48 -42 122 113 249 139 -24 -87 17 175 45 221 -46 100 -190 -84 52 -127 116 114 -140 14 -11 -55 -43 121 -174 -58 207 146 247 -62 -158 -7 133 120 -4 -198 200 -233 -18 -67 157 148 -37 1 71 243 -6 230 19 -210 -131 -94 33 -54 -211 -10 50 -78 -110 210 244 -34 205 112 159 225 63 -242 78 -97 57 -204 -115 154 -247 -33 -5 134 201 238 91 13 -126 69 188 -232 -135 -199 109 -187 -79 -2 93 -124 -162 -172 160 -66 224 0 229 38 103 -207 23 16 -85 -169 35 193 135 104 -235 -75 -182 184 -217 4 84 -47 -202 -153 -14 -107 -31 -203 -102 246 -146 167 56 -205 216 27 149 -159 107 -95 126 215 -176 119 -32 80 -72 179 72 117 181 37 -111 132 -189 55 -98 129 182 106 235 -19 29 -116 -197 -60 -134 68 -49 105 -188 -8 -86 195 178 70 -90 -136 20 202 125 227 197 -119 -243 -183 -250 -143 26 76 -83 -101 -26 213 153 172 30 -179 108 -96 -220 81 -106 -156 -248 87 -113 -238 -194 115 -77 -150 242 198 -184 -120 44 -51 -181 -114 -63 123 -186 -15 15 10 47 223 -144 39 28 22 191 -222 241 9 -82 169 131 164 176 158 61 -103 92 90 74 -21 -30 
TEST 26 ARG:88 14 30 154 -55 34 201 -174 167 -76 -105 -31 149 173 -69 -209 233 64 -210 -237 -157 -82 -80 39 244 -172 70 228 -48 134 -189 -170 59 191 -49 -50 -53 243 -179 249 -154 -115 15 36 -70 -143 106 -135 -121 237 27 127 205 22 -86 -110 177 216 -109 -181 104 -29 203 -2 -246 2 82 187 -164 -17 -15 -133 -62 -51 163 54 68 -212 -250 75 -113 -248 155 25 218 198 -208 -103 135 60 -119 -229 94 62 -24 -168 -37 132 93 118 -235 -233 100 223 158 102 176 13 -148 248 8 -25 -90 202 95 240 175 214 -249 -231 21 197 -79 -234 -175 -140 67 -228 103 83 -169 196 219 -144 72 -38 -11 71 143 -30 -245 178 18 180 213 -43 -41 -57 -219 160 124 -107 -150 144 182 -161 4 -65 57 110 74 152 -35 153 217 -68 -39 107 190 -236 17 80 -122 238 136 151 -58 -67 172 -136 -146 164 -141 48 222 78 -180 58 -187 -238 113 42 -124 181 -194 -184 -216 -75 -18 -32 -23 241 230 53 170 235 -225 -126 -83 210 -71 -165 -244 -162 -127 226 207 -147 141 90 159 -120 -185 26 23 -215 1 49 -4 -22 -85 -155 211 -134 -5 -60 -227 -226 -247 138 -9 -111 -73 -88 -137 231 -116 -91 -7 5 137 225 -149 -205 148 145 -207 -204 -93 -84 32 35 161 -1 121 184 114 204 192 -240 212 -108 -14 55 232 -239 10 -220 -12 97 -192 130 123 -142 -118 -26 199 -167 99 -156 76 -47 63 81 126 -160 -211 -96 29 -101 52 96 236 -132 206 -145 45 -197 -199 3 111 69 -176 -241 -214 185 -28 -16 -213 195 -191 -20 165 -74 -44 16 146 98 28 157 43 150 38 -92 189 209 -217 -202 -34 208 -221 33 -99 171 -102 20 -33 46 -201 -106 -6 -87 115 -114 -230 85 12 108 -77 50 119 129 -242 168 -104 162 -59 37 -206 -196 183 -130 89 -81 131 24 122 -183 -3 -159 -10 -27 128 215 -195 -112 147 242 246 -128 188 133 -178 -117 -163 -52 -42 -36 -190 -66 194 -78 -193 -232 -139 -131 7 -72 -45 -188 239 -64 -177 -8 -158 -97 229 40 -203 -63 105 -129 -13 -166 156 109 -218 86 9 65 56 -152 -61 -21 -19 41 -46 -198 -243 -123 112 -56 120 179 -224 169 77 6 166 174 61 73 -223 11 -182 -173 -125 -54 -100 -222 79 87 31 66 -98 0 186 117 92 245 116 247 125 220 -95 234 51 -138 -94 -89 -151 -40 193 44 101 47 -200 -171 140 91 -153 200 84 221 142 19 139 224 227 -186 
TEST 27 ARG:61 -151 -6 -51 -116 -62 -241 -66 245 4 -68 212 76 -128 -31 -195 -204 -98 -144 80 -56 2 38 50 -233 -131 -11 11 -45 58 207 3 -55 224 -175 -22 -159 20 -30 -15 -88 -152 -223 181 -135 -103 51 -141 200 202 164 -238 239 24 -17 130 9 140 209 145 70 -79 -14 113 72 -32 159 148 -77 -63 -165 -83 -240 -215 35 -177 100 -93 -134 219 103 60 -145 -60 -108 89 136 -16 52 178 -229 -3 36 -236 8 -78 -156 -1 21 246 133 -248 98 -208 -213 231 -184 -225 -198 -119 117 -28 138 67 -173 -49 154 -42 142 122 -4 59 114 73 -246 -124 196 -39 -193 183 -122 -25 -171 137 235 71 198 213 -196 -125 47 233 68 -247 -20 197 23 222 45 129 195 -71 247 -96 -153 -102 119 121 177 -250 104 -188 144 105 -75 -172 -27 234 32 225 26 42 -149 120 147 241 65 -205 -203 134 -176 -40 7 153 205 34 -169 95 -72 155 49 -234 -243 86 -167 135 83 243 110 106 -212 -82 203 -219 -100 -162 226 -92 96 -202 -157 244 191 -179 163 179 -207 99 -200 44 41 -90 -187 54 -136 221 6 -34 90 160 -105 167 -95 -118 74 -150 -37 -117 118 97 174 -38 -33 204 -48 -164 84 94 -5 139 146 -115 64 40 -35 162 -155 -237 -50 -211 -130 199 -87 240 126 46 -222 127 152 156 75 -18 -61 -174 -57 -65 -218 33 131 -41 -112 214 -217 -94 -67 -180 108 157 -226 230 -69 -191 -142 -74 57 217 -123 -129 -97 236 -106 101 141 31 211 125 216 56 173 -120 194 188 92 208 -235 -80 172 -227 53 -160 192 18 -107 -201 -147 82 -2 -242 -214 232 -209 238 -182 -170 248 -19 215 185 169 -110 -137 -24 -12 -166 112 -220 -168 218 -89 27 227 158 -81 189 -111 -7 79 -121 -146 66 150 -206 -113 -197 -132 55 91 115 210 143 175 62 193 242 -29 151 39 -44 0 -154 15 -192 -73 -161 28 13 -86 -54 88 37 170 30 -99 -221 5 -185 -224 116 -194 102 77 29 -230 -140 -143 -190 85 63 -181 206 -52 -43 -85 -183 -9 12 123 1 111 -178 -127 17 14 220 -58 -239 81 -199 -189 -163 229 -36 -53 -109 165 -245 237 249 -228 -216 22 10 -13 -64 87 -244 228 -138 180 -104 124 -84 149 -10 16 -26 -59 -23 223 190 -70 93 78 128 109 107 -76 -148 166 -158 -46 25 -101 -232 132 -126 171 -21 19 184 -249 -186 48 187 161 186 -210 -8 201 43 -139 176 69 -231 182 168 -47 -114 -91 -133 
TEST 28 ARG:-50 -65 201 104 32 183 152 -21 4 218 127 -120 -49 -149 -66 -41 132 -74 -107 -62 40 -44 1 122 -116 101 54 -185 52 -159 36 -139 225 -117 135 227 -18 154 94 44 -51 220 173 22 -221 -2 -111 137 210 -38 -91 209 176 -126 -227 -225 -202 -216 -79 217 185 5 50 71 -190 174 -28 197 232 120 189 177 83 -67 23 67 7 14 90 167 -99 -140 231 119 -160 16 110 -189 -35 69 -176 -81 -230 -231 -223 -70 187 138 -220 168 141 87 -237 126 236 -217 37 95 228 129 -87 10 43 123 191 239 108 -209 145 -124 82 15 124 -58 -61 -103 -69 109 -76 -218 -196 244 24 -114 -206 118 163 238 38 66 8 -161 34 233 -208 77 -127 245 -83 -106 -143 240 -88 175 60 -133 31 -13 149 205 -228 164 224 20 -138 100 -184 -96 192 -162 -30 207 -229 156 -150 42 99 30 -9 -23 -7 45 -144 221 -68 56 -166 -241 170 -226 -57 33 204 140 160 47 179 64 -180 -101 -131 203 -36 -97 222 -211 162 -174 -12 -200 80 -105 -14 -64 -121 -191 -39 85 143 155 61 -199 48 -151 -98 -55 196 -183 -152 -179 -75 -197 -164 46 -104 -244 -205 73 125 96 -102 166 -5 -123 -157 39 -173 -71 -132 246 68 114 -15 18 -154 186 84 133 230 139 78 -24 181 -247 -204 91 226 -22 157 70 -153 9 116 -56 -195 49 -60 178 -175 -250 -155 -235 -3 -11 121 -137 -40 158 -130 -203 -25 188 -115 -129 -248 112 -128 144 57 142 -122 -186 206 -78 -95 -136 -77 -158 180 -110 -224 -92 97 131 -63 202 -73 182 0 63 -34 -43 172 -125 165 -188 237 -168 -141 -32 248 -85 194 -156 59 -212 -89 -29 -147 -215 -181 -207 76 58 241 11 200 249 102 -213 -214 103 -210 -249 75 89 146 -146 128 130 161 -93 169 29 193 6 -4 105 -86 -80 74 12 -236 -108 -134 92 -46 107 -233 -27 21 -84 242 25 -112 106 -119 -219 247 148 117 -17 -145 115 199 -118 -170 -72 -194 190 214 -232 134 88 -113 72 26 -165 86 -42 -201 -234 136 211 229 -10 216 -135 -167 -193 62 234 195 27 147 35 150 159 79 -94 81 3 111 -31 13 -37 -171 -90 -1 171 184 151 -240 55 -53 -192 -33 -142 -177 215 212 -20 -246 -187 -178 -82 -239 17 -163 198 -45 -19 53 -26 243 -198 -52 -8 -59 153 -169 -47 -109 -6 219 98 -222 213 -245 -182 -16 93 -238 65 -172 208 28 113 -242 2 -148 51 235 19 -243 223 -54 -100 -48 41 
TEST 29 ARG:-53 -7 117 115 -38 -183 -75 -247 -87 -147 -222 212 145 -238 160 -12 89 -208 -198 173 -50 -177 -103 -37 232 236 -172 -227 -88 165 84 246 216 -80 157 149 -157 -179 86 -229 -192 249 -90 129 -121 -119 112 19 190 -203 -89 -169 196 -215 80 97 -66 -221 167 -148 121 189 59 -92 -164 -78 -129 191 109 166 53 203 -15 -153 119 215 -43 207 -114 -212 131 4 144 -21 -140 -199 -161 83 32 -98 -110 106 -51 41 -213 -25 79 104 177 -106 -107 193 -167 -223 -13 91 -116 192 153 14 124 -82 -76 -132 -233 164 39 205 0 69 238 241 -195 -3 -101 -113 227 219 141 -35 75 -27 -49 -138 162 -205 142 -201 -14 -142 243 220 -134 -59 -216 -85 161 197 -39 -9 95 58 130 15 -196 -200 213 -240 233 -202 -115 44 -58 67 226 -244 -86 93 -100 -46 56 -146 -175 -97 -137 1 45 176 -55 51 -173 184 13 -155 -168 209 136 -159 178 -189 -156 -243 -111 -84 230 -30 -104 36 146 -154 -1 125 -224 -123 -28 -122 -6 -120 -188 -79 -118 -143 81 -234 34 70 122 -194 105 -232 -226 -139 198 -207 -125 118 240 231 -57 -16 61 72 237 -248 -249 111 -185 -117 -65 28 -186 194 63 -181 201 120 -127 -105 -245 -210 -47 -184 152 195 25 -228 24 159 172 -246 8 94 -44 -40 168 140 76 218 -144 -242 87 -94 65 202 222 -166 -81 -219 -91 -239 229 -61 224 62 156 -24 -42 26 -250 -151 -73 -83 180 116 -32 37 2 150 43 139 47 113 -136 114 99 68 64 -102 98 11 -141 239 -145 23 -152 200 -126 155 -23 -124 -180 -160 57 -41 -48 38 27 -174 -19 -11 -36 107 48 -178 108 174 234 147 49 185 188 -64 -77 187 223 10 169 -8 -176 151 -10 133 -63 154 -130 -74 -93 60 55 138 -62 -108 30 244 -69 126 102 96 -70 -162 -135 78 7 20 -60 242 -5 132 71 85 82 92 -187 -235 217 -230 179 181 -182 -209 -217 -218 52 210 183 -99 -17 -190 134 135 -171 12 128 -220 40 5 -52 -54 18 -4 21 -18 171 206 103 16 73 235 123 -193 35 -163 -204 -128 -26 -225 208 248 6 -95 182 -71 -29 -237 17 50 -112 228 221 127 -211 54 -150 -133 -165 -149 137 74 66 -31 77 225 88 -109 214 -56 186 -45 -2 22 247 148 9 211 -33 90 -96 42 31 -67 3 199 -72 245 -131 175 -206 170 163 -214 -231 101 143 204 -197 -241 100 33 -236 -170 46 110 -68 29 -158 -22 -34 -191 -20 158 
TEST 30 ARG:-5 237 178 171 -99 -94 -147 41 -18 -249 -36 82 44 123 101 74 37 -116 -171 -219 -206 -85 -141 -156 48 58 10 67 9 151 -185 -35 104 72 161 43 138 -154 -34 103 -240 56 -173 -132 208 42 -218 -83 175 94 69 186 -229 -150 81 -199 -78 -46 -239 68 106 -225 -114 53 -2 146 -177 -228 177 238 225 59 -166 120 -63 187 -242 -122 47 5 145 13 -73 -71 219 49 -163 130 39 -197 -123 249 115 24 -232 -50 234 127 165 -38 149 -60 107 -29 -8 -140 55 -158 79 -178 -112 -115 -160 -45 -98 -201 97 -76 214 92 -159 -222 -208 91 -191 -26 -1 23 194 110 -194 -104 -27 -22 -30 -109 147 199 -175 77 -227 216 15 -84 164 -217 -233 -134 -139 218 -105 154 -118 -202 -6 122 -42 6 18 -41 61 -215 126 -193 -190 -203 -25 209 -188 -127 213 -69 62 -61 190 -111 114 197 80 26 27 -21 -64 201 60 7 -126 -80 19 -67 29 -9 -95 33 -96 57 -167 14 232 160 111 159 211 108 181 -169 -10 -198 212 228 231 -248 189 -165 -62 -37 198 -231 128 163 203 -170 102 188 112 -121 205 -39 51 204 46 117 -234 -237 17 -144 229 174 70 -43 -88 105 196 200 -81 32 22 -92 1 -74 -89 -131 173 162 180 20 28 139 152 -106 215 140 -172 -32 230 12 96 -54 -24 66 -207 -72 -216 -66 16 -120 -184 -12 35 224 -75 191 -55 -164 -40 -212 141 86 113 -57 -250 65 -211 -196 -101 132 -87 -183 63 -33 -205 -195 -214 -247 -246 183 -142 137 247 -176 220 54 233 143 98 -128 144 185 195 40 -151 87 169 -53 -224 235 -213 134 -187 168 -161 -189 -155 -7 -209 -102 21 45 150 -182 -179 135 119 243 -44 182 239 -125 244 84 223 -70 85 99 172 202 -220 -133 -146 248 -52 -113 -58 78 -241 157 241 -13 -204 3 193 95 -200 -148 83 -97 -77 156 -221 -136 -68 116 0 125 -65 242 131 -186 167 -16 64 221 31 -168 -48 -130 34 121 -49 38 -51 -230 -59 210 245 -15 -124 -107 -153 73 -174 -243 176 88 -17 -91 192 -93 -90 11 170 -3 133 -223 -138 153 36 240 89 -19 166 -82 25 -103 236 227 -238 222 -28 -100 -137 52 -20 -4 -31 -143 -135 217 207 -244 -210 -11 -145 30 -119 -157 -23 93 76 129 -149 179 -117 -108 -152 -162 142 2 -110 118 158 -181 155 71 100 75 -47 136 50 -129 -56 109 184 246 148 -236 -180 206 -235 124 -226 8 -245 -14 226 4 -86 90 -79 -192 
TEST 31 ARG:130 -31 179 -120 185 -218 -221 234 -126 -54 115 46 -44 -235 -95 -89 -70 38 162 -215 216 244 199 183 -125 -129 -99 121 198 -106 168 -192 152 135 6 -132 18 -176 104 -66 -24 11 13 221 -241 107 64 -154 -171 -142 56 -147 134 241 -225 -6 -178 1 -49 -107 190 -201 -232 -163 -51 66 -216 0 40 -149 176 -104 -40 -127 196 -82 -27 71 -5 -220 -198 116 -234 -177 123 151 -10 -175 -140 -15 19 212 26 -57 239 17 29 43 -166 45 63 94 75 -153 -47 -7 -247 -3 -160 2 225 -21 54 70 -182 -11 157 5 -8 -229 174 114 -211 39 -205 -90 -63 -208 122 -75 -202 213 248 158 160 69 53 105 -56 188 14 24 181 -199 177 236 194 150 -25 -223 249 -50 235 206 -168 -55 -242 -97 -101 -59 -236 -169 -118 170 -65 -213 166 -170 218 240 -28 202 -214 -98 167 23 -248 -162 -203 -137 182 78 -187 -108 -246 88 -185 35 -69 -172 193 -103 -238 -230 -79 74 -2 21 -210 140 -29 -38 -181 118 156 154 86 27 -133 133 -43 -233 -105 32 31 62 126 -143 79 -39 137 132 224 -18 139 -4 109 81 52 136 10 8 68 187 -145 -174 -46 246 -94 97 232 67 -78 -134 -243 -186 -193 -116 124 80 175 -13 214 -111 149 -80 169 95 41 12 -224 -189 -226 210 -209 203 -77 -123 -58 -17 -110 -48 110 -231 -67 131 229 195 243 -150 28 -200 -96 155 201 219 217 -74 189 -222 -102 222 -93 -73 -179 57 -117 142 16 -36 -34 -92 76 165 -121 100 50 -250 231 -62 -138 209 238 111 -53 153 49 172 -156 7 -212 61 -35 92 129 -9 226 -128 -37 108 37 -16 -146 171 -190 242 55 227 -219 44 89 -194 -26 -159 -91 9 3 -130 -83 230 125 -131 103 -204 220 -207 -64 -239 211 99 207 -217 -139 119 163 51 138 82 208 247 -173 215 -227 233 -249 106 -41 112 -180 -88 -30 -197 -240 102 72 -52 197 184 -122 143 161 85 -237 -161 -19 -151 237 180 -60 98 -14 -1 144 -84 -191 113 30 -113 -152 191 -164 93 -72 -183 -148 91 -32 -76 59 -81 84 -196 245 228 -71 -155 128 22 34 -115 -141 -112 60 58 205 204 73 96 -87 47 15 -45 -33 -184 77 159 83 -136 117 127 192 -157 -206 120 -85 -158 42 -86 36 178 48 145 33 90 173 186 -188 -114 20 -244 -109 -228 223 -22 25 164 146 -124 -245 141 -135 -195 87 -68 -165 -61 -119 148 -12 -100 200 147 101 -42 -144 65 4 -167 -23 -20 
TEST 32 ARG:-14 -95 -38 -164 -34 -5 -147 -202 117 -105 105 -82 11 58 -187 142 -230 -170 -226 -231 -141 220 74 -142 -173 228 65 234 -75 6 -217 43 -107 -81 145 -224 -74 113 140 71 231 243 -52 -76 114 150 -172 -67 -10 25 31 86 -33 -127 66 -153 -3 -146 174 84 -194 89 -241 132 124 -104 -71 50 190 146 -78 -198 173 115 -108 171 236 160 207 182 176 128 17 -111 -39 -183 -109 110 -9 178 -209 247 7 -136 143 -132 -48 -20 -156 -200 -232 224 -237 83 30 22 -93 185 40 106 -16 81 -197 -149 181 -133 -98 64 -130 242 -222 -207 29 -122 49 -234 -15 175 53 155 -90 183 245 23 147 -139 -88 -115 80 -121 -212 -219 -210 223 55 133 -87 44 -171 -101 199 168 100 -57 20 -40 148 82 12 235 -28 93 -134 39 215 138 -144 -124 -208 62 98 -18 -218 -205 -51 167 136 -201 -152 54 -188 -193 -143 75 137 67 76 126 -49 -204 68 69 61 -186 144 -179 -79 -185 165 -157 -233 200 154 -169 -113 103 78 -117 -35 -119 -11 221 -91 10 21 -236 217 -206 -84 -99 -55 36 34 38 16 2 102 192 41 35 139 56 225 125 -151 -24 -59 -199 33 -248 -225 157 161 131 -4 -192 -65 -162 -94 9 -211 166 244 -80 -114 -148 92 127 -215 57 233 119 -73 151 -61 -178 -69 -110 -235 -62 118 -102 -167 156 135 26 -220 214 -180 -175 -184 -216 -125 177 97 -118 -50 202 210 152 88 15 -140 14 211 -247 37 -240 90 -131 158 107 -203 -1 4 52 79 129 -245 180 109 198 237 -126 204 -246 -214 -83 94 195 116 -42 184 -22 216 -181 60 -116 -165 -58 -189 -160 -12 213 -228 172 85 -129 162 104 169 46 229 -46 47 45 99 -26 -53 13 -168 239 -77 -45 -227 -6 -176 -213 -103 101 112 189 219 -158 -243 3 -137 51 141 179 206 -23 -135 1 59 222 134 63 -29 -47 -97 -7 -112 209 -154 130 -37 -159 191 -250 42 226 203 -242 -195 249 -145 120 212 19 241 -43 123 197 -92 -177 -123 5 96 248 -31 -72 -17 -64 196 -196 230 194 232 187 32 -244 -239 91 -27 111 -191 -229 108 205 87 121 -106 18 246 238 208 -166 -96 -161 -19 -86 -249 163 -21 77 218 -100 -30 240 28 -155 164 170 188 -56 -182 -36 -190 73 8 -8 186 -60 72 -32 153 48 27 -223 -128 193 -66 -85 201 -25 -13 -221 -238 0 -44 -150 -68 -163 -54 24 159 -41 -138 -120 95 -2 149 -89 122 227 -174 70 -70 -63 
TEST 33 ARG:-218 78 100 128 -114 -191 -118 26 -158 -96 179 117 -240 -92 -84 -5 -93 59 -149 51 22 -133 76 -91 -120 136 107 -29 247 -110 55 77 -57 -176 25 -108 -79 112 215 -27 -184 -16 -172 28 147 64 -214 -4 232 204 71 -186 45 -45 -3 -38 6 -73 177 -227 144 -200 73 -206 161 34 -41 152 230 -97 143 -209 37 -194 -117 -59 -188 -154 211 148 -53 249 -87 194 -192 123 -72 -238 -42 -36 135 116 162 -74 79 -37 38 166 -105 92 238 164 173 167 113 39 52 -112 -210 158 237 -141 -78 -2 -246 187 -99 -90 47 -198 -32 130 -103 -128 -66 17 -160 109 -76 -241 -19 -18 94 -46 29 96 12 -244 -28 -43 -168 -179 185 61 -60 174 62 -230 149 21 53 -146 -204 1 219 -39 41 192 -48 56 33 -157 202 93 -132 -71 -175 241 132 27 -229 -86 -135 -68 -55 -235 160 217 -165 -13 -134 178 205 -144 239 11 -24 -129 103 -195 -17 -242 -223 -126 -14 65 50 42 -49 221 142 -177 -167 -250 -156 -205 87 -202 151 -190 227 -119 -1 -147 31 181 -143 233 138 -161 -15 63 -213 -171 159 -85 -245 -187 80 60 242 248 -162 -40 -122 125 57 -233 83 88 175 4 182 -130 8 -181 101 -106 70 -123 154 189 -98 176 -173 231 122 -170 -142 -196 -75 -63 -207 -155 89 -225 -236 163 9 32 -64 -232 -44 -102 48 16 186 198 119 120 -131 218 -20 -111 -185 223 190 191 -148 18 156 2 -136 131 -239 -159 -69 74 -153 68 -61 -62 -88 208 155 -224 134 169 145 246 171 -216 -183 13 -138 126 209 243 105 212 -12 -189 118 170 104 -150 234 157 40 54 -228 35 141 -127 245 -124 -31 72 -21 -219 -174 -11 -125 183 -182 129 -77 -67 -180 -212 153 -47 201 5 188 229 -217 102 95 168 -10 -35 91 -163 -249 -22 67 49 -199 -248 -166 106 108 -116 -137 193 -234 99 213 14 -7 -211 -226 -23 196 -9 -197 -101 180 69 86 -8 3 -95 236 -83 -94 220 -231 -113 -139 -80 224 140 216 -82 -247 81 110 58 7 82 -203 184 46 84 -54 -25 -121 43 240 235 127 203 -193 66 222 206 -222 98 -164 -178 24 -152 -215 -33 -26 -243 207 30 137 -104 -70 -30 114 10 133 199 210 228 -65 226 85 19 -109 -81 244 -220 23 139 124 150 197 -107 121 165 20 -201 146 -140 115 75 -208 -58 195 -51 44 90 200 -169 97 -89 -237 15 172 -50 -115 -34 225 -56 214 -52 -145 0 -100 111 -151 -221 -6 36 
TEST 34 ARG:-221 -77 86 63 193 -95 235 94 54 -179 45 -228 185 -145 50 52 121 -99 40 -56 -232 -205 -146 -176 -78 -101 125 108 -201 -91 8 238 129 -168 -163 200 -218 -97 -171 -230 -212 -223 39 190 42 -59 91 161 -200 -92 -216 73 -151 -193 103 230 -31 174 124 170 209 -107 27 -215 -85 4 -143 -169 -33 69 -48 236 204 -125 -217 219 58 119 -198 175 -204 182 22 14 67 -157 150 -29 -195 12 -73 -155 -116 159 -167 -12 -9 203 -81 127 117 -247 -170 152 131 37 -250 -199 -108 217 191 241 146 249 208 -186 0 20 -164 -149 144 -2 -138 -234 -123 244 178 100 109 -144 143 -16 -173 -111 -133 85 -1 36 -67 -226 148 -196 24 92 232 -154 29 -132 -152 57 102 220 -79 -35 -19 135 46 113 -70 -248 138 201 -6 -57 229 62 126 65 133 -119 -142 -25 197 -113 -4 31 -61 32 -219 -194 47 -183 -166 234 -46 35 -220 183 64 -172 116 -153 -189 -96 -84 247 43 172 207 -245 -20 -203 -23 -42 -131 -184 55 -58 -180 123 -202 -211 -34 188 -71 156 -150 231 -122 242 -69 163 -165 216 -47 130 61 51 97 -174 -139 222 19 -192 -222 -32 72 -240 33 -159 169 93 -88 68 153 -80 66 -249 -82 -162 -191 -14 223 -177 202 147 186 -98 115 -214 49 213 -15 215 -127 -239 -181 111 -140 154 81 101 34 -106 -233 -246 134 -136 168 -17 118 84 -37 -242 -5 -36 -11 211 132 171 155 -213 198 -114 -102 212 -89 75 -137 -103 -50 224 -209 96 -13 16 -104 149 6 99 77 59 -3 -121 214 10 95 120 80 243 239 106 181 194 167 -130 184 -126 114 13 -100 228 -93 136 89 122 15 245 44 205 -49 87 128 -231 -128 -148 196 -45 5 -52 180 74 -147 28 -62 -197 233 164 158 -115 -135 187 -44 -40 3 -224 82 -236 -68 -18 107 105 -161 218 -244 -66 -185 139 151 221 83 246 -76 225 -109 248 -8 60 7 79 41 112 177 179 -129 -227 -75 -65 -241 -86 -83 166 -43 -190 -229 157 226 -64 110 -156 -51 189 23 -26 -158 -41 -243 -28 -210 76 -118 -30 -178 -110 -105 48 165 141 -53 -208 -187 173 -238 18 -38 140 137 -72 17 -206 -160 90 -24 38 -225 -7 -22 -55 2 -60 -124 142 71 195 -237 -39 88 -134 26 160 206 25 -182 -90 -175 -63 -74 104 11 -112 176 -27 -54 -10 -87 145 98 237 162 53 9 227 -94 -120 240 -235 192 199 -21 78 1 -141 210 -188 -117 70 21 56 -207 30 
TEST 35 ARG:78 17 2 97 -110 -171 -74 137 -102 -245 -92 162 -194 -37 224 -15 102 106 -10 -188 -77 -207 142 -13 -136 53 160 -9 94 -141 74 27 -153 -243 112 -27 35 144 44 21 -32 213 -23 136 166 -72 -157 -161 130 -103 -184 -247 83 116 -240 5 190 -33 202 -11 -85 -229 25 111 222 68 153 -84 -63 225 89 126 152 -25 -96 -82 122 232 -45 -189 -212 198 -97 -39 206 -35 -106 -129 -173 218 -57 217 -38 -94 185 -36 -20 85 230 175 -182 201 242 -69 62 28 172 -200 -34 -42 236 -53 39 231 -172 -238 69 -71 52 -179 235 -144 -204 109 -118 237 -233 -56 50 228 26 -73 115 93 -197 -119 -49 75 -224 -248 -202 165 118 7 -211 158 -22 -59 8 -5 -201 -133 -137 214 19 24 -115 108 -18 -150 -160 244 -65 134 -52 54 192 -183 84 210 127 -239 51 182 -88 34 -154 -149 -111 229 -123 234 -24 146 -174 133 104 -220 157 -121 66 245 -14 58 18 220 1 -93 -249 -2 -177 -228 227 120 71 80 -7 195 189 177 149 176 22 -114 -235 -127 145 -237 10 -164 -209 223 -75 -43 171 205 121 77 163 125 180 169 -122 -190 -40 45 12 9 42 154 -8 -231 -210 207 64 155 -217 211 61 -180 -44 -31 -191 31 -95 -146 -175 43 -168 -250 249 132 100 -138 -221 -21 -215 212 167 -70 186 -206 124 -242 -131 -4 -192 193 -107 48 243 87 63 203 -1 46 33 164 -132 138 148 -219 -167 239 -214 215 -139 209 140 -108 -128 -86 -90 -196 -124 -29 248 -166 -159 65 103 -230 -198 -142 -98 -208 4 88 -60 156 76 -236 129 79 -227 -99 -91 -19 90 40 -41 -104 -64 -54 -125 150 73 147 -46 -176 38 -225 49 -151 -55 -112 -222 -17 -135 -83 -120 -101 240 -87 41 187 -116 14 216 -28 -195 -223 -163 128 82 161 -66 -47 -50 -140 11 15 183 92 -80 151 3 135 194 98 -213 29 56 -130 -16 67 16 196 -51 -48 59 -68 47 -6 60 96 159 -126 188 113 -234 -178 -145 -67 -76 174 200 131 219 -26 221 123 -117 6 110 -226 30 -156 247 204 101 -143 -187 181 -89 143 -79 105 37 -193 86 -169 -81 208 107 -134 55 179 168 141 -246 -216 -181 20 238 226 36 170 139 184 72 197 -78 57 -113 -165 -199 199 -58 -170 -203 -12 -3 -100 -152 -205 191 81 -62 -61 246 13 -155 -109 -244 -241 -148 -186 -162 -185 70 23 -218 -147 117 32 178 114 -232 241 91 173 -30 99 119 0 95 233 -105 -158 
TEST 36 ARG:-19 118 47 159 -168 -159 -190 193 -211 141 -121 -172 116 -201 -174 115 -123 -235 17 -216 233 200 -131 -166 -164 -3 176 88 -140 151 -25 134 208 -223 152 -239 -76 241 -7 56 43 -247 25 -147 131 -8 -138 157 137 -2 -36 93 -133 216 -31 -94 94 196 -67 -16 121 197 -11 29 -65 22 119 160 146 61 247 150 3 -105 -198 63 86 107 -180 -120 187 -66 186 24 -103 -51 -9 -100 -209 -108 225 13 -109 135 -177 -236 -115 -110 -30 -141 74 -176 -95 163 -60 -44 -142 -72 155 195 -85 -217 -237 -87 50 189 4 -175 153 71 -73 -80 9 154 79 59 -203 207 202 -234 92 -188 -112 -135 -195 181 33 60 100 191 104 198 180 -199 218 227 -129 83 -12 113 -165 -93 -171 -128 77 27 -215 19 31 -169 206 -248 -146 2 -187 178 35 -155 37 -185 -27 89 112 75 53 -37 72 -136 -61 236 -160 41 -218 224 215 128 -182 -81 232 57 73 204 98 -107 44 129 245 209 -57 85 -33 62 -68 39 -101 -74 -152 234 138 -82 7 243 -210 -243 -117 -42 -41 -86 -202 -170 223 99 -232 177 205 130 -53 162 -99 5 -153 -18 -224 242 -214 240 185 142 -78 -230 78 -50 -244 122 -137 108 67 114 -249 147 188 70 229 66 -49 80 170 -64 -229 52 97 171 139 -10 183 -194 -250 -173 -186 -71 -79 -91 220 76 -113 173 -139 161 230 111 -212 46 -213 -23 -124 -181 228 -134 -207 203 -118 182 -220 -4 127 -144 124 87 222 -98 6 64 -132 -43 -32 120 18 -219 212 32 14 11 103 -125 -183 -114 238 174 -122 -222 -151 244 -189 -21 -69 -225 -14 226 -130 164 168 213 -157 144 231 -163 95 -48 -167 -47 110 125 211 36 172 48 -70 192 -24 106 20 -84 -92 -39 217 82 -228 -197 34 -52 -29 -178 149 90 42 -221 81 -38 -13 -26 55 -242 -149 165 148 -240 201 8 101 -179 10 169 -200 -191 219 109 210 235 123 -193 -102 -148 166 91 -88 167 -104 143 28 30 117 -34 12 -231 1 237 45 -58 -55 -77 158 221 239 -143 -45 -75 38 -226 -246 140 -127 105 248 -22 -106 -238 156 179 136 -192 -162 -126 -245 -54 -158 199 -111 145 -205 -6 40 -56 68 -5 -46 -116 126 26 54 -89 -90 23 -59 249 190 132 -40 -233 194 133 -28 -150 -83 246 -196 102 15 -161 -241 -1 -20 58 -35 214 -119 84 69 -184 -156 21 16 65 -97 184 -154 0 -15 49 51 175 -62 -96 -208 -204 96 -206 -145 -17 -227 -63 
TEST 37 ARG:-34 216 -5 -242 81 -52 219 -57 185 152 141 -230 112 111 -234 33 -79 44 194 -223 177 221 205 -109 -75 143 157 -102 -212 -151 -114 173 175 -192 105 -83 106 192 -193 133 -21 84 230 -37 -87 -164 -129 -220 117 -77 -149 34 248 179 -115 -227 2 -133 -182 -74 -123 -56 -141 69 -155 -136 208 -111 137 241 -247 -238 32 31 -167 76 -66 9 -229 146 124 95 -72 4 132 -26 50 220 22 -216 224 -2 -246 114 183 -47 156 -214 -15 -207 16 -80 -210 222 131 -99 -11 -217 -173 -138 67 -221 92 42 246 -44 90 -71 169 -124 -244 58 35 -110 26 -60 66 -185 -198 -31 -170 -107 -144 -10 -125 -179 -130 180 -39 18 49 -105 167 210 159 225 29 -91 -17 -29 39 206 -8 211 213 178 165 -92 -48 -243 19 -70 215 148 191 186 102 -236 -183 10 -190 23 -117 -163 -113 -154 68 27 -122 48 -231 119 113 -199 142 -222 115 -55 41 -128 -187 -147 83 202 235 -40 6 -16 -169 104 129 158 -134 24 3 172 7 -32 -204 87 46 -206 -181 -219 47 -12 240 126 97 -208 -85 184 164 -176 -59 -45 234 153 -81 116 207 109 223 145 -239 200 -131 82 140 209 -20 226 227 65 120 -69 -137 -88 52 1 174 -249 -191 -156 -24 108 -153 15 -126 -96 -197 74 123 -200 94 -188 187 -127 239 232 73 -58 -189 139 -194 51 -63 128 -224 -73 17 161 -168 168 36 -226 -184 62 -25 25 80 -103 -9 118 99 -42 -148 -104 -76 176 218 163 -98 0 -22 101 127 -165 -145 -132 72 247 -166 136 -235 -41 -18 244 -67 63 237 20 -240 -196 196 170 60 11 -202 -30 -100 -241 -112 249 -211 135 -19 238 -237 -248 212 -171 -84 77 -3 -90 125 134 -27 88 91 -50 214 57 -201 -119 -7 245 71 150 122 162 -62 -158 149 182 -13 195 -95 78 -218 -186 -93 171 181 204 193 188 -177 -33 190 75 -65 217 -160 45 -213 -140 53 -143 -245 243 -118 242 -195 -205 -14 -215 -116 37 93 155 85 70 107 121 -23 228 147 198 38 59 86 110 55 130 -1 -174 -61 -135 -78 -86 -43 -54 -49 -142 96 233 -178 13 -53 -203 231 -28 5 -225 14 -250 -209 54 12 138 -46 -159 201 100 144 -6 -161 229 -68 8 -180 -82 40 -146 -97 -38 -4 -51 21 236 43 -89 79 -139 -232 151 98 -108 30 -162 154 -120 61 -121 -228 -152 103 64 -36 203 -64 -175 -233 -35 189 -94 89 -157 160 56 166 197 28 -106 -172 199 -150 -101 
TEST 38 ARG:233 -95 122 -226 -6 -39 24 21 -225 -83 -59 218 207 161 124 173 -237 -227 -33 1 -49 -11 117 9 197 118 140 -245 166 75 94 82 112 -112 -110 -216 96 149 -190 193 144 -31 113 101 115 -200 -55 87 156 -250 -175 -9 -56 230 221 98 155 206 -34 -178 -204 69 116 -174 -219 -77 -24 181 195 -147 -172 -93 137 123 213 158 -181 34 -58 -14 100 -8 -158 217 -202 -203 120 -87 164 -64 43 -99 154 179 151 8 -194 162 -26 -30 72 -75 3 -4 62 22 79 -244 235 86 109 -89 -210 -224 58 -27 209 -230 190 244 -125 -151 -47 -117 223 99 -206 5 54 -154 -122 -141 -2 228 146 -162 15 -207 -42 39 187 185 80 184 -7 -176 -65 11 -185 -137 196 85 -73 92 139 73 170 49 210 198 -131 27 46 -116 -107 128 238 28 204 -66 7 26 142 47 110 -231 -193 214 -44 -136 84 125 236 160 90 -46 163 -114 132 -51 -40 -144 231 141 176 97 133 -169 167 -57 44 -35 -133 215 -170 -72 232 -138 -130 -18 -36 61 -128 -10 129 -91 -163 153 -143 77 -228 50 -247 130 -29 -3 -217 -215 10 -105 31 -165 -233 -180 17 -109 -223 4 -191 216 -167 201 -239 202 -236 -17 -22 -21 30 -213 16 114 74 -90 121 -177 -140 -238 239 -139 -53 211 55 -149 -121 71 -88 200 157 14 168 108 191 -15 229 -71 66 56 -92 -70 -179 -38 145 64 53 25 38 -161 -101 -196 -108 83 152 248 -113 227 -209 178 -199 6 -1 -229 136 175 -195 148 89 150 -126 36 -80 -119 -60 104 -81 -156 -243 -32 -129 -102 -232 -19 -183 67 -212 135 169 -168 76 -5 78 -115 18 -16 241 102 59 -201 -221 -240 88 -218 -197 131 -171 -61 65 20 242 37 -246 -235 234 -63 -211 -188 240 -186 165 95 199 189 41 -69 119 -85 32 -37 226 91 182 107 -13 -41 -62 70 203 171 -134 -20 13 147 177 -205 -50 -98 68 246 42 -148 -150 243 40 -124 127 138 -82 12 -222 -67 -48 -184 126 -127 194 -159 249 -152 -248 -145 -100 81 103 -220 -241 23 -135 106 19 -157 63 -104 111 -97 -78 -146 33 -54 134 180 -111 60 220 2 205 183 51 -189 -164 -160 212 -96 48 -192 -28 -94 52 159 208 -234 -166 -79 45 -23 174 -120 -43 224 -76 -118 247 -208 -84 192 93 35 -86 -249 -198 -214 -68 0 186 -45 -182 237 -155 245 225 -106 29 105 143 -103 -187 -173 -242 188 -74 219 -12 222 57 -25 -153 172 -123 -132 -142 -52 
TEST 39 ARG:241 -233 -236 15 -206 -42 -58 -117 243 -89 -212 -34 202 -155 -237 -244 213 -43 -86 182 11 -132 -95 -179 120 -204 -150 104 -225 -214 61 240 -40 8 -78 223 133 -186 -217 45 -221 235 73 -147 -49 -41 116 138 63 105 -3 108 22 97 -116 -240 -176 229 10 -175 -113 67 130 49 -73 -162 -188 -94 -77 4 -208 -38 179 -202 44 54 29 135 83 79 -5 -143 119 -189 -203 -241 -9 -87 -84 156 -211 245 1 76 238 -207 194 -59 -190 170 -12 167 19 173 -156 23 -25 26 126 137 -110 -216 -68 -172 216 157 -200 -231 219 125 68 -131 51 62 32 128 -144 -138 107 52 166 53 -158 228 58 224 70 -70 -224 -121 -80 -48 226 201 39 160 50 161 143 113 -174 204 -196 -135 -205 -44 163 -62 69 -17 56 77 -209 95 -238 111 -61 -187 175 -243 186 -47 92 214 -145 193 -16 203 -210 -26 149 5 -109 -96 -198 33 -51 148 20 88 -33 12 87 -218 -184 27 -66 153 242 231 227 -182 -197 59 181 230 -148 -248 225 118 -239 -97 -122 -129 208 195 -50 30 80 -230 -166 232 221 -10 -123 234 -83 -111 28 248 91 -227 -219 -124 -194 -29 -19 215 -30 211 197 -18 84 2 60 -20 -7 37 144 42 -23 101 -213 -168 -137 247 -249 -191 -81 139 64 86 177 -245 -173 35 -126 154 -180 190 -170 217 -246 -146 -55 158 146 -31 141 -79 -201 -177 3 -105 220 -193 -54 96 -1 85 131 21 89 13 -2 34 -139 -222 -169 -159 176 75 -140 -72 140 115 106 -107 0 -195 -220 -153 -4 65 200 -149 43 244 196 98 123 -63 183 -181 168 -167 -125 -112 239 -36 55 -108 205 -32 236 136 24 -161 110 -103 -57 122 184 -28 -114 -75 -74 46 218 9 -52 150 -141 -65 127 -164 210 222 -165 -133 94 155 102 199 -130 74 -102 206 -163 162 -100 207 47 -229 81 -183 100 189 82 134 -232 90 -85 72 -14 -226 -223 -11 -6 159 -160 117 249 174 -199 129 -45 -118 31 14 -151 -242 -21 41 185 -247 -101 112 93 187 192 -228 -115 -64 147 -24 233 -22 -136 188 40 -154 -235 171 -90 -91 -128 209 -152 -142 -192 16 -106 -120 198 6 -46 124 -53 -134 -76 78 7 152 -99 -93 -37 71 -157 145 132 -92 142 -82 246 18 -15 -67 -234 48 -104 -127 -119 180 -71 -13 -39 99 -88 -27 -35 -56 178 36 -215 237 -185 66 -69 -178 172 -98 103 38 -8 -60 -250 25 151 212 191 109 57 -171 114 17 121 169 165 164 
TEST 40 ARG:-137 -122 66 28 -140 101 -37 56 204 -34 -28 -213 225 -127 -70 40 175 -26 -16 33 -162 21 53 63 -228 -247 -59 248 -96 -226 209 -19 187 -131 70 -139 -148 119 -159 72 55 143 -36 -9 169 126 242 -200 115 25 -38 -30 -18 78 -82 34 -135 -49 -105 176 -6 184 -186 159 -94 95 111 -165 249 -67 -69 38 12 189 74 -40 -235 -207 39 89 59 -24 -249 -98 -130 191 -75 -160 -21 158 243 -31 -125 107 -184 41 -154 -246 98 -221 -78 -157 54 -90 30 -171 61 96 -50 82 -151 185 162 68 235 118 147 36 67 42 57 -190 -39 124 8 -218 -88 -1 -236 117 83 99 -196 71 -64 -116 -212 202 6 203 -239 139 -57 134 5 -191 128 -220 -217 121 49 -45 -68 -72 -243 -167 11 -224 137 244 -27 178 167 -11 -147 64 -238 -129 173 145 -110 213 35 27 92 -176 226 130 16 -183 -206 -222 22 -143 97 -163 -158 -179 -113 -85 181 -25 154 -180 -5 120 -23 116 -134 -248 -47 90 46 174 -210 -245 -234 -41 43 -80 127 183 -43 -198 1 199 208 -121 108 220 131 200 10 86 165 228 -8 -7 88 -20 136 60 -108 135 -56 -237 -111 -214 152 -188 240 -152 156 80 -187 161 7 -128 23 -51 -95 -231 -219 221 -177 170 104 9 164 129 160 192 193 206 216 155 14 195 -107 -120 -92 -119 -10 58 -48 -146 29 -2 114 -15 -225 32 177 -149 77 180 163 -205 -29 17 65 -202 -52 62 -141 102 172 91 -189 -55 -124 140 -232 24 -58 -150 19 -14 214 -74 4 219 233 212 -209 -114 -195 198 -233 3 -126 -97 -169 51 231 -145 224 52 -144 -244 -208 -242 246 -204 146 -142 138 -3 -83 239 84 153 -216 210 229 -170 -33 -115 215 -42 194 -53 -227 -66 -203 -173 13 -174 144 48 -166 237 -73 100 232 157 -102 188 75 122 132 -17 133 -22 109 -211 -153 166 94 -155 -215 179 -240 -194 141 -199 -60 -164 -109 -89 20 -197 207 218 -136 -230 73 -192 196 -138 76 -250 -168 31 0 -185 -86 217 15 47 85 45 112 223 234 69 -93 -123 -84 -101 -181 -100 79 -106 148 171 -76 -182 222 113 -71 -132 -178 149 150 -81 -112 -77 168 18 -118 211 -117 103 186 -63 93 -133 227 125 -229 -91 -4 151 50 230 245 26 123 -35 205 236 -99 37 201 -65 190 -32 105 -12 247 -172 -62 -87 238 -201 -44 -223 106 -61 -13 2 81 110 -103 -46 182 -241 -79 241 -156 -161 -104 -175 197 142 87 -193 44 -54 
TEST 41 ARG:-64 -182 207 141 102 84 -179 -232 77 -98 76 -200 -100 214 -132 206 24 101 161 227 -4 223 -31 43 228 -76 172 201 7 12 -184 36 -81 239 63 22 74 170 210 -237 46 -146 167 -60 213 39 -34 -67 -79 -239 241 -217 66 -160 -123 -163 -174 23 25 -82 -25 -59 162 -23 151 -35 -139 -175 -12 -74 -156 -206 -40 -242 226 -244 -219 133 -128 -38 216 32 -15 17 145 48 14 9 -47 181 80 -164 231 -176 -145 -168 -58 -158 130 -21 -218 248 142 117 171 230 -196 97 111 -210 242 11 -250 238 31 -28 149 -185 240 -107 -88 -235 -198 -92 -192 -151 188 -126 169 -154 -191 244 163 153 -201 190 -116 -150 184 94 127 -249 -121 192 -202 -72 150 50 -140 5 56 -187 229 -115 -19 -248 109 13 234 217 197 -177 6 45 222 -17 -27 62 47 -221 -147 -73 -167 233 128 -135 218 -33 -24 -148 221 -125 79 38 -45 -71 71 247 121 -214 -53 232 78 -223 90 -117 -48 -6 83 125 3 211 215 -99 -14 -130 -157 140 -240 -181 108 235 29 15 -228 -2 -44 -11 -114 70 -149 -203 -75 86 -166 -212 -69 34 185 157 -1 -77 -110 -51 116 -78 54 156 82 -96 164 -213 -52 180 -50 -215 68 -66 -49 -186 183 -141 -68 -61 19 -205 -246 107 20 -120 196 87 -133 -144 98 -173 92 75 95 243 35 91 -226 205 173 -169 -142 96 -216 -220 81 220 -93 -171 114 115 99 37 -159 26 187 -42 -165 -105 165 -57 -127 -247 -32 -119 21 -89 204 -131 49 -113 152 126 166 -211 -190 -236 246 -204 53 -195 60 174 194 -136 -207 -134 160 -41 -65 224 28 -152 -18 -70 58 69 148 89 135 16 -143 147 -138 -86 123 -153 -155 -188 -22 -37 -225 178 191 41 -95 -245 33 236 195 -129 -208 88 -172 -7 129 -39 -180 59 61 -62 -90 193 -16 212 27 67 -209 -13 -178 -111 4 -224 103 -194 55 137 202 -118 -189 158 100 104 -238 113 65 208 -112 -54 168 -230 -87 -122 182 -56 219 -101 -94 72 64 146 -36 112 -26 -104 42 154 30 85 -9 -162 -85 73 -20 -183 10 177 -106 179 93 159 136 0 132 143 199 -227 -29 -5 -234 119 -91 200 138 -103 -43 8 120 -3 198 144 155 -170 110 -102 52 57 -80 40 44 -97 -243 -124 -30 106 -46 -109 -161 105 186 -55 -231 -197 -199 -83 1 225 245 -193 18 -222 -233 -10 51 176 249 -8 2 209 -108 -63 -229 175 118 203 189 124 -137 -84 131 139 122 237 134 -241 
TEST 42 ARG:67 -30 93 100 -48 70 -155 -125 -233 -51 228 -172 238 -167 125 43 -153 144 -66 166 -78 -75 95 -209 -94 79 -229 128 -15 -114 -177 -104 190 -202 -240 6 -235 -131 46 17 218 -129 159 50 -20 32 -139 72 -81 -234 -95 -16 249 -10 -21 -149 222 1 -176 -83 226 -188 -96 82 62 64 -143 78 -35 28 138 176 104 224 -141 -31 248 209 -45 21 9 170 155 -157 -106 -151 36 -144 -28 164 -170 220 119 134 -76 51 198 18 150 141 -43 80 -124 123 -53 -54 -134 4 71 -164 85 202 -198 -55 45 -250 130 -217 -82 -11 -73 -59 -136 158 87 -147 -216 98 -207 -60 132 221 145 92 148 116 -152 -168 -32 -200 -47 -38 24 54 121 63 -227 14 -70 81 74 231 129 -62 -142 -175 237 -230 -192 201 212 -34 180 204 136 -52 7 96 167 -162 106 -184 223 -205 -4 -180 2 205 -111 -33 103 47 -46 68 -196 109 38 -74 210 16 -203 246 -49 -7 -117 -150 40 -9 -237 29 -232 -171 215 -132 -231 -105 41 12 157 55 -221 -64 154 -109 179 171 10 19 195 244 -50 75 -197 108 -69 -115 -218 -1 -204 -24 127 -92 194 -248 13 -19 -5 -101 178 -2 -8 -206 -158 66 217 -178 39 177 -26 86 -174 236 113 233 -90 169 -187 160 -71 8 65 -98 182 175 -191 115 27 -13 183 -173 213 111 -6 34 53 -113 137 -212 -133 90 163 15 -14 -249 -36 -219 -127 162 -116 230 94 -93 139 152 -193 -57 -241 -189 -246 -56 -77 197 -122 -236 -72 208 77 99 -214 91 -186 -87 -44 -169 117 240 -226 101 229 200 206 -79 -25 232 33 22 191 -220 153 143 216 -181 84 -126 161 -61 -58 199 -22 -210 73 42 26 -39 89 -228 -166 219 -107 -148 122 88 -140 156 -165 76 235 -145 131 102 196 -63 186 59 -40 118 -91 97 207 31 203 -68 -97 -103 -154 57 -112 -42 165 -18 -130 -85 -163 3 168 -119 -199 -222 -110 188 -102 58 147 -118 69 -123 37 211 225 126 135 107 227 247 245 44 -213 142 -159 -65 140 133 -121 -201 173 -135 -12 -223 48 -224 -37 -23 193 242 -247 149 -41 239 -108 105 -160 -208 83 5 -243 -138 -146 25 -27 -239 -89 -195 -17 60 56 -100 -242 -244 112 -183 187 30 243 -194 -245 0 23 -128 114 -215 -179 181 146 -80 -29 -67 -211 -86 -88 192 241 234 -99 184 -3 -190 49 214 124 -238 11 -225 -137 20 -84 -185 151 -161 172 174 35 185 -182 61 -120 110 189 120 -156 52 
TEST 43 ARG:-118 152 218 -245 -2 245 183 -90 -70 13 -239 -69 -137 -108 -233 83 -75 -113 107 -152 103 225 63 -10 -107 -134 -86 37 -63 137 193 -132 72 70 24 -11 232 80 18 -120 53 -6 -206 52 -167 -123 43 -25 -216 69 -210 -150 153 189 -26 132 -126 -159 -91 -172 -98 -96 89 109 45 79 226 -46 -192 -62 65 199 -219 142 -168 220 -203 246 -73 76 214 197 -3 -196 217 -187 138 140 -211 241 -24 -18 59 56 236 61 104 -236 -50 -32 240 5 157 97 -89 158 146 -225 -179 -217 -232 51 110 -67 88 120 34 224 -42 -13 -95 71 187 20 -59 -244 178 -54 244 -30 116 23 -80 -188 66 -156 28 101 102 -117 96 136 122 -155 -1 -15 50 -143 215 -135 -199 159 205 165 208 -77 -249 -246 -66 -181 163 -36 -227 -20 -145 -240 25 22 201 -238 -64 196 164 125 -35 -190 1 54 168 222 -78 156 121 -136 117 -235 84 -122 85 -223 -173 82 194 -209 -163 -40 -127 -72 38 206 -128 162 -16 -34 176 -110 234 141 73 -19 181 -58 211 -185 33 166 -49 47 229 -184 154 -142 127 99 221 -111 -23 -37 -207 -237 -74 92 -147 -52 21 6 16 -202 -68 67 74 113 87 -104 -229 -81 128 114 -85 -48 144 105 -218 -170 12 -56 238 58 -165 -55 -61 227 -191 64 77 -169 108 -177 248 -197 115 -51 -182 -226 -178 -215 -105 174 -148 2 30 -39 -162 -7 123 -189 198 86 -138 148 -5 14 19 -180 95 3 -174 15 44 186 242 230 -29 -8 129 249 -101 68 -164 191 -228 -222 -175 -97 195 -100 -183 -84 204 143 161 4 106 31 -176 -200 151 -149 139 212 -17 75 -27 -93 -194 39 27 93 -234 169 11 237 -161 -198 170 -243 -116 200 -12 46 247 150 207 -166 -221 -33 -103 177 57 182 235 -212 -112 -28 -186 -248 -220 -102 145 126 -87 -71 203 228 118 -9 175 239 -106 -141 -92 -4 -65 48 -247 135 41 55 243 184 32 -160 78 133 171 192 231 -171 134 -31 -208 213 155 124 173 188 219 -125 119 -94 209 -21 -201 -195 98 -151 130 26 -144 -214 100 62 185 -43 -114 -231 9 42 81 -157 172 -242 91 -22 -115 -60 -53 210 190 202 -119 160 147 -45 0 -250 -124 -99 -153 -41 35 10 -129 -140 29 60 180 179 -82 -47 -158 -79 111 167 -224 -14 233 -83 90 -130 131 -88 8 -193 -131 -139 -204 -38 17 -241 -154 40 223 -213 -76 -205 112 216 36 -44 -57 7 149 94 -146 49 -230 -109 -121 -133 
TEST 44 ARG:81 56 -39 -119 -180 153 -37 93 -219 -48 202 113 36 -196 135 176 -85 -115 -59 -116 148 -20 227 160 67 103 155 -238 246 -58 223 -86 -68 -162 28 -70 -187 -134 -17 140 229 85 109 -10 -160 201 141 -217 -163 236 68 -55 162 9 74 193 -3 -245 -150 80 -243 -201 -76 204 214 38 75 203 72 115 19 125 13 -62 78 -92 20 34 -240 -230 27 33 134 -224 231 -138 114 143 -29 62 127 -121 -159 45 104 -113 111 -221 -250 -247 -174 54 -129 -61 86 243 171 152 -65 -11 -90 -13 -74 18 -7 175 235 -226 -47 107 -185 42 112 -87 -83 -157 63 -99 55 188 -110 245 108 -200 -35 224 -246 219 132 221 -214 119 -139 191 206 -105 -190 126 -49 190 -213 89 174 -140 -94 23 -34 -73 -197 -104 -248 238 -182 79 -31 -5 159 88 -79 -51 105 213 -97 -14 -194 -91 2 -173 101 -189 189 -42 -155 83 87 -89 -206 -123 14 -152 208 118 -80 -19 150 92 -15 96 -198 222 196 161 195 -166 -137 136 144 -170 -114 -24 -167 -117 50 -181 -195 130 0 242 -135 137 -234 41 -229 -151 25 -77 -43 -205 -188 -239 12 164 -21 192 -72 -127 32 -122 39 -60 187 -128 -161 -212 180 46 237 98 181 -18 228 -22 166 -208 -23 47 -142 122 131 7 225 -84 170 233 58 209 -109 -101 244 99 -78 -66 -175 -153 -26 178 -199 -96 -40 -120 22 -46 184 91 -232 -16 1 95 -211 -53 30 -54 124 220 -186 -71 94 -222 21 102 -216 -6 60 182 -149 241 -126 -69 -12 -225 -93 -176 29 -30 -132 169 146 200 17 205 -88 -203 -204 129 117 -227 121 -118 212 -171 -102 -25 128 -8 168 194 -168 -103 5 179 -215 -112 -131 -147 44 -133 -82 249 -236 51 -209 100 -233 173 77 3 157 49 73 147 -202 -2 -44 -9 16 156 116 -184 -183 -231 6 240 -164 -111 66 -193 76 90 -130 -143 -38 -32 -179 207 65 10 -145 -124 -81 -50 123 61 -95 199 -146 216 186 84 -148 -241 154 -235 230 59 210 52 -4 177 -192 239 163 198 -210 133 -57 -1 71 -178 -75 218 -158 139 167 217 234 226 -107 -177 232 197 -64 -63 -191 31 43 35 -108 -27 4 -154 -218 24 -33 142 172 97 -207 48 145 165 -52 248 -228 -172 -242 -98 -136 -100 149 -169 185 247 -220 106 -36 -223 183 -237 158 57 211 138 120 -41 64 8 -244 -45 -249 -56 151 40 70 26 69 -141 -125 53 -67 82 37 110 -156 -144 215 -106 -165 11 15 -28 
TEST 45 ARG:-223 -134 -240 -219 -232 220 167 212 0 158 234 -185 110 129 136 -227 16 48 -243 -14 224 -111 -76 232 156 -149 21 93 247 -123 -95 -148 -155 -36 169 -140 152 -144 -164 113 163 -242 -145 -39 239 20 -121 -209 22 -156 -172 -62 171 106 -74 98 228 233 91 -142 -229 -202 -146 18 12 54 74 137 236 134 182 -138 77 -171 -220 17 55 60 42 -68 119 -64 -120 -81 -50 -132 24 -69 -6 180 218 -7 -213 174 -92 244 -22 8 -46 5 82 56 -231 195 41 -31 25 -29 159 125 26 2 237 243 147 40 -61 85 -225 -196 -206 -77 -34 7 153 -32 190 -125 71 -59 126 205 -176 222 -150 149 84 13 86 -180 27 -238 173 47 117 -226 -117 219 -179 -52 -11 107 192 -177 209 -58 -4 162 132 -45 -133 -128 221 189 63 -73 59 -222 -168 -169 201 -136 -98 36 -112 57 -15 -28 -194 -96 111 178 -186 -211 -110 118 1 150 204 217 -130 -154 -200 -183 -187 -245 230 96 -166 45 203 194 -103 206 128 -37 -80 104 142 23 -54 -239 83 -1 -85 200 211 176 -224 -161 29 216 231 213 -18 -71 -234 235 -86 166 -204 175 90 115 -72 62 -13 49 140 -124 68 249 70 145 -105 99 -189 -152 92 94 -190 -248 -104 -93 -108 53 72 30 215 58 78 -12 227 -38 -94 -118 245 89 -66 168 144 -249 14 32 -191 -250 131 3 154 183 -178 -24 44 -221 -214 -218 120 151 -17 160 -181 -122 -170 138 -20 64 -89 102 -114 -158 155 -51 -63 191 185 -228 -8 39 -207 -201 187 124 238 76 -67 37 69 146 179 19 -21 -70 108 -143 -90 -216 -129 -137 -115 87 241 139 103 -19 -25 -116 196 164 -57 4 141 -42 -141 188 -159 -151 -165 -101 225 172 -197 -65 -198 95 -135 11 143 -212 75 -208 50 114 -217 73 -47 -199 -55 -210 -241 65 -2 52 -203 97 -184 -126 210 31 81 240 -153 223 51 -26 -83 -235 -173 -10 -163 -33 -237 116 214 242 -193 -27 -139 121 -82 123 15 -3 -160 -30 9 -157 100 -147 -43 109 -174 -188 -97 -236 -41 61 226 133 -91 148 -40 -48 -106 161 199 177 -35 -44 -88 80 157 28 46 -5 43 -192 -53 -167 -215 -205 101 229 184 33 67 248 130 197 -233 -246 6 -75 170 135 -79 207 112 -107 208 -9 -182 -84 -195 -244 66 246 -60 -16 127 122 -119 -87 -127 -23 186 10 -247 165 79 -100 35 -49 -109 198 88 34 -131 -56 -102 181 105 193 -113 -99 -162 -78 -175 38 -230 202 
TEST 46 ARG:185 42 139 83 -116 -228 -24 129 -130 -91 -129 -120 131 -144 -207 -52 109 11 -195 38 -234 227 196 -16 123 -125 200 174 -36 -18 -218 106 67 -166 -79 -184 -37 248 -149 -103 104 155 201 238 -194 168 -41 226 210 -15 217 -2 -87 -176 19 -205 17 197 232 -217 -99 81 -186 41 -162 -178 -76 -238 -250 121 176 24 -95 -97 -31 189 114 86 -102 171 36 54 175 -12 178 10 194 -69 177 56 118 249 -202 91 -182 -56 -101 -110 85 -154 -199 -60 -5 50 -113 134 -185 78 -80 -216 -77 239 215 -40 -10 115 173 -190 -219 4 52 1 -88 76 -96 -20 169 -240 -22 125 117 132 -61 -148 -200 -108 236 137 -188 -17 25 244 47 -222 12 -225 102 193 -156 136 -28 -65 206 241 144 -13 -19 -192 77 -112 -203 35 -30 235 -75 163 220 -208 99 -243 94 20 108 -7 -173 -214 80 124 51 -209 101 71 -121 65 142 166 -196 147 -67 63 -118 138 237 -132 -246 222 -158 31 -147 -169 188 141 -106 -83 119 59 87 219 18 -135 -215 -86 -230 37 179 -39 208 -152 164 -1 39 23 -94 -55 -134 204 -206 82 -189 160 43 -137 172 224 -229 -245 64 207 0 -161 -104 -131 -9 -89 245 -93 145 -133 170 -100 96 246 -212 -35 -105 -4 -123 6 112 243 -119 128 -48 -226 -127 -51 214 -150 29 159 34 -157 -221 234 -136 -107 -53 213 -172 -153 -139 -204 -160 -220 -70 -138 -241 -165 45 46 -78 205 -146 -8 -26 -73 79 133 -177 198 -224 -47 -109 32 182 -27 -211 111 143 195 192 105 152 -115 40 229 -249 9 -81 -210 -167 70 187 22 -151 100 33 225 -155 -163 107 -128 -111 -42 89 -57 -122 -29 233 209 151 97 -49 -142 199 -170 202 66 90 -239 -168 74 190 -43 126 -92 75 149 68 60 184 223 -141 -90 -164 -193 -62 218 212 49 -85 93 -175 92 44 3 -23 -32 -181 55 -98 -44 -201 135 116 -143 -3 -233 165 221 146 -247 -71 -63 15 -38 14 -33 21 -45 -68 -227 -66 2 -72 242 -187 211 -244 140 180 247 -171 158 153 103 28 122 16 58 -223 -74 110 -84 5 -6 -14 -159 240 61 -236 161 -82 -64 -46 157 -174 156 -231 72 7 -213 150 181 -248 -25 -126 -237 -183 -50 186 69 -140 48 -21 53 -114 62 -59 95 183 73 57 -124 84 -197 -179 148 127 230 -235 30 8 113 27 130 162 -191 -198 -145 228 203 88 -180 -11 26 -58 13 216 -117 191 154 -34 -232 98 -242 120 167 -54 231 
TEST 47 ARG:101 -236 232 -193 -65 94 104 91 30 22 -130 -183 -28 -53 -102 4 35 38 197 -146 -129 -127 -104 -212 144 71 107 -222 -154 234 243 244 -111 -235 2 -54 -67 78 173 -126 141 131 175 14 -39 -214 139 25 -13 205 -134 24 185 -116 86 146 235 97 -78 109 213 -114 -244 -158 -101 -49 90 73 155 72 -27 -161 1 61 95 -189 245 8 -171 219 112 69 -22 -247 208 -131 -123 -225 222 -207 60 64 111 191 -238 145 -106 -20 163 237 -51 116 167 174 54 246 -197 169 -149 37 207 -226 187 236 5 -95 158 148 238 -33 -245 135 40 -59 -218 -172 203 33 -79 123 70 -210 -80 -133 7 45 194 -52 -156 -56 218 -166 233 -86 -186 -187 -3 -248 199 228 -16 -201 247 -68 156 -113 -2 215 240 65 -105 184 124 50 55 -26 -249 181 204 -34 3 -217 21 -202 134 -72 147 -157 83 34 198 154 41 168 -109 -196 -91 230 -152 32 -135 -66 -124 -15 -117 -153 -81 -206 -162 -58 242 121 -205 -144 217 114 -228 206 62 -132 171 -155 -160 -37 166 -241 44 -122 157 6 -188 -75 -42 -231 15 193 170 182 13 -77 -61 -118 11 -64 150 119 126 -145 -173 -62 -198 -174 152 75 -224 -250 -9 -233 189 142 -18 -1 36 -14 -10 -88 143 28 160 115 74 138 127 -71 88 183 -11 -151 -110 -150 -219 46 -216 113 29 -240 -35 201 89 -108 -84 -203 -60 -83 -44 -199 103 -19 -5 68 186 188 165 -246 -55 149 -208 -209 -140 -7 82 67 43 133 56 -99 229 79 58 -192 -6 209 -185 100 162 0 216 224 -139 195 -243 -220 164 -93 49 20 -234 -168 63 -167 42 214 -82 -112 -21 96 172 -136 -45 -98 -115 26 -213 -100 -215 -107 -92 18 225 -8 128 -24 130 -191 223 -169 -137 -50 -204 99 227 178 249 110 192 -94 -223 -43 -120 85 76 80 87 -175 -239 -73 10 39 -119 -242 202 -237 -32 220 -31 129 27 161 -211 -30 23 -195 106 92 52 196 177 -90 -48 -190 211 -180 117 -143 -163 -69 -200 47 -178 -177 12 200 -232 81 -4 -17 -47 179 239 93 -141 -70 -46 17 231 120 241 -96 140 31 48 125 77 -128 66 -87 -159 -138 -229 -97 159 221 -25 -221 -121 132 151 153 212 19 210 248 53 -74 -227 -36 137 -170 -23 -57 -181 122 -176 102 -184 -179 -85 9 16 98 -147 59 -103 -89 -165 -29 118 -63 226 -38 105 84 -182 -148 -164 190 -12 176 -194 57 136 -142 108 -125 -76 51 -230 -40 -41 180 
TEST 48 ARG:148 -3 -177 -90 -104 -61 164 -172 208 -232 -53 241 38 -68 -168 -173 -203 56 -65 -8 178 -166 93 -247 -181 92 141 109 -221 225 182 -162 99 -186 126 -71 106 130 -121 -238 60 -36 -9 187 -242 -212 -15 -227 -79 98 135 -93 -150 185 231 133 173 -78 -182 -125 74 137 181 -136 179 91 193 125 -50 -103 249 -89 162 -194 -43 145 97 209 -198 -49 65 -54 50 107 -19 -240 245 13 -70 -26 -107 16 108 205 -106 134 57 198 -213 -222 -196 67 17 166 248 87 -218 -23 -228 226 96 -230 163 -184 -4 -241 154 210 26 -119 51 -51 -229 -62 -95 195 167 -87 70 -99 -188 -138 132 -141 174 233 -249 -6 -148 176 -156 80 172 214 -190 24 68 213 211 69 9 -39 155 -164 -120 -199 161 -195 40 -80 -101 -145 171 -64 -17 -72 -66 -1 -52 160 -91 -94 199 -47 -114 157 -248 39 101 -209 -205 -237 37 -170 -75 -30 -207 -35 2 -239 36 35 6 89 184 190 219 -250 -97 117 -85 -124 33 -180 41 -2 -96 47 -83 -160 86 27 -179 -220 147 -100 71 14 -44 203 -108 110 223 -59 207 -18 90 -41 -223 224 243 -48 64 -37 197 -111 -25 127 19 12 31 94 216 49 221 -217 165 -55 21 -197 -58 105 129 143 -175 44 -152 169 140 20 175 -201 23 191 28 -32 239 43 104 -29 -31 -140 159 111 -46 32 -243 -45 -21 246 232 -27 119 124 220 73 189 5 -115 200 78 -142 -224 -158 -167 -187 -219 -131 -88 29 -189 183 54 66 -208 -146 -183 79 61 234 -82 100 -116 0 -216 -105 -129 -130 85 -113 45 138 77 180 -132 202 -226 -159 103 -24 201 88 131 -98 -11 244 236 3 -192 8 -10 75 -86 -169 149 -154 227 206 -185 -200 235 -22 247 -81 177 -149 -134 -234 63 228 122 156 -73 -109 -67 -57 82 -147 55 59 -76 150 4 222 -102 -74 58 -126 -178 7 -84 -165 -123 -176 -12 -135 -110 194 242 -77 -210 42 -60 123 -233 -42 72 -155 1 -157 -118 -214 10 -235 -204 -193 62 34 -28 -215 112 -246 -133 113 229 -211 192 128 -244 -128 153 -143 84 -112 217 -34 -127 215 238 52 115 102 218 158 -151 -5 76 -63 -16 -69 -56 -191 188 151 120 -161 139 -139 48 168 237 53 142 -20 -225 136 196 -206 -174 -171 -40 -137 -163 -245 -13 -117 -202 -231 -38 30 240 -122 81 -144 152 186 -33 18 118 114 15 -236 116 -14 11 -153 146 170 25 -92 83 22 212 144 204 46 121 -7 95 230 
TEST 49 ARG:-117 8 231 149 -221 -38 -165 181 118 -190 125 215 -146 45 -105 162 -78 -31 171 20 142 15 210 -115 190 -32 110 170 -189 -87 127 -122 -152 236 41 -46 -109 206 108 -210 -181 229 194 128 114 82 -179 -216 179 -3 5 36 -25 -72 167 37 69 -178 172 223 -121 -77 -169 -184 -48 -84 197 -168 -163 150 -124 -17 -1 -145 -71 228 90 209 -183 10 44 72 54 -142 -234 -98 140 -47 -156 -20 -8 -37 46 -104 -218 -120 144 -75 -67 -222 -161 -137 -187 -108 -217 216 180 -88 -59 131 -206 213 -240 186 -73 -74 196 -2 -89 -177 153 27 -85 123 -110 -140 22 -245 130 89 -90 -119 185 -135 79 203 124 241 50 159 175 74 -180 -158 138 -153 249 230 -133 243 -41 -49 -239 242 -97 245 39 -99 -176 -101 -230 -182 9 -23 66 -202 147 -128 211 195 -54 25 -28 -12 -42 40 200 -4 -235 -55 189 -45 30 151 -33 -139 -18 214 -130 184 122 -208 132 164 -56 -211 -116 202 68 52 119 95 -127 -143 -50 109 48 -250 -157 35 -118 -131 -44 11 -219 183 220 248 -19 14 -232 -9 134 201 -141 174 143 103 199 -112 -174 152 38 42 -22 -51 1 -171 157 83 -249 -209 -138 163 -11 -70 -102 12 218 -201 -62 -223 246 178 -58 193 97 -61 -16 156 -247 227 133 -154 4 139 -34 -244 135 -24 -52 188 -13 18 -43 24 141 -69 169 -203 115 136 233 234 86 102 198 205 -14 70 80 107 -186 -192 -194 81 77 -66 6 -205 247 99 121 -57 33 -238 -53 51 137 -148 -10 -7 -64 65 73 120 -226 -236 219 98 96 -144 168 -204 56 -92 0 -196 -191 -103 -63 92 -246 59 -86 19 -215 78 217 53 -30 221 23 85 -200 -195 2 -125 26 47 117 71 -26 -123 -136 101 222 64 238 -224 -193 240 239 21 91 61 -36 49 58 -150 -29 -170 126 148 -126 -160 -79 28 146 7 -65 -149 176 -231 161 -114 226 -237 -134 -167 187 88 -100 207 -91 -129 154 104 62 155 -82 105 235 244 166 111 31 -164 -132 100 -241 -198 -159 232 -185 173 -60 -228 212 -81 -172 -21 -248 -207 34 67 87 -147 -166 -229 43 60 -107 225 32 112 -95 -6 -40 -155 63 -93 208 -80 -111 -15 165 76 -199 -175 75 -188 -243 -94 -214 -113 192 237 17 -5 -162 16 -233 -151 -197 -35 204 -225 57 -68 116 -83 -76 13 -242 -106 -213 106 94 145 55 -220 177 182 191 -27 -173 113 160 158 -212 93 84 3 -39 -227 29 224 129 -96 
TEST 50 ARG:29 -196 0 201 -98 -235 64 186 158 -187 -152 -24 -54 234 101 51 65 -119 47 -167 -111 -155 -120 33 -165 -188 -133 208 -90 87 -72 -100 -17 -149 86 168 -180 238 -124 -230 126 -18 -104 243 -70 117 180 10 -169 69 48 219 73 -166 -32 152 9 -33 -110 -147 -12 159 -53 162 -83 -27 193 -37 -22 14 -103 -246 -28 -182 -64 223 183 -231 -136 -197 53 -143 -116 177 -168 -244 54 -177 -229 245 -85 -233 -207 137 195 229 84 7 128 79 -141 -93 -201 119 249 -191 -101 -225 -60 -74 -63 -157 236 -212 -81 127 148 -71 2 -181 -56 88 -137 165 -210 -204 93 94 247 -102 -126 -176 -213 -39 -62 -15 78 -221 -91 -75 -92 -160 145 242 -226 146 -216 -96 19 -3 -145 230 -16 99 106 20 188 24 -106 154 89 136 -171 -31 181 -206 -67 -199 135 210 -107 103 218 35 -43 -162 237 147 -57 -130 83 138 175 -222 -135 221 157 144 -179 4 132 59 -238 198 80 108 97 95 -68 -146 32 -19 161 216 -202 160 -88 -184 -38 -58 36 28 -36 38 192 43 -129 211 248 71 -159 115 -66 -42 61 11 -14 -236 -9 -241 239 -10 205 -151 -186 66 130 -178 22 -209 114 -76 139 -44 -86 -13 37 -163 -20 5 17 -109 60 -189 85 155 215 -217 204 170 214 -25 187 -47 -112 172 -48 -55 -248 -95 178 -127 -156 -7 -117 30 52 -41 -69 -4 -30 67 -242 -5 111 -174 31 -114 124 -170 -211 200 98 -193 -138 74 -65 21 -148 -131 -195 191 -228 16 -115 -105 -153 174 140 -190 25 203 232 42 -232 -172 70 212 -240 233 118 -122 -1 -237 -220 -203 222 104 27 -218 163 -108 -49 -223 -183 -142 134 -250 149 57 133 -23 -11 -173 125 173 -208 -164 50 -79 -61 -185 179 206 121 49 150 -84 63 122 8 -59 171 189 -158 -26 -198 -239 -161 -192 105 156 226 -243 -132 107 102 -175 -134 -78 228 184 -89 199 26 120 46 -150 39 244 185 -77 164 -73 -144 190 -29 96 -215 45 82 112 217 194 -118 34 90 12 225 -113 227 -52 -35 123 -224 246 -154 -234 -205 141 131 -80 143 166 15 -97 -219 -6 1 -128 -94 129 -51 -125 113 75 -140 235 77 -50 -87 197 142 240 -2 58 -121 44 -40 241 167 68 -249 -247 -46 -214 -99 23 213 176 -123 151 100 76 55 72 -245 -82 40 18 231 6 220 116 202 196 3 -194 -34 56 209 81 169 -45 -21 153 -8 91 92 109 41 -139 -227 13 182 110 62 -200 207 224 
TEST 51 ARG:-76 239 138 102 -96 -129 -205 202 224 87 -185 -26 -135 -44 227 242 166 153 247 90 221 -173 116 -233 -177 152 82 101 -215 163 117 -98 -214 -131 51 194 -136 -244 -41 158 8 -163 216 112 -115 143 -18 -55 181 -80 18 91 -22 -191 -17 -111 248 -164 -128 -11 128 -8 -179 -122 -211 127 -224 105 98 -187 172 -190 148 -221 223 -28 -188 -176 235 88 73 -143 -6 -101 -167 -64 57 160 246 -106 -15 -159 -231 245 236 -175 -218 75 -119 40 -226 -222 42 121 -249 190 131 -93 205 168 61 66 94 92 191 233 149 -77 -110 -193 -104 136 -2 -100 -220 232 162 180 64 34 83 -201 28 -236 150 212 -51 35 -156 -61 -145 146 -146 79 -92 -63 215 137 -133 241 125 217 68 -75 -16 -29 -130 154 123 81 133 -103 104 -166 -21 -39 -154 -13 -197 33 -208 -247 -120 -196 141 142 -38 -148 -60 113 165 56 240 -72 21 7 97 231 -161 -189 4 -31 50 1 -112 108 60 -204 -144 36 93 -127 159 171 11 -241 197 -1 225 -217 -7 218 -81 106 10 -184 130 -42 -141 -206 -186 -57 122 195 -239 -169 0 -84 -137 -54 -86 63 59 186 -94 156 -4 -118 -56 -34 -30 -250 -66 201 213 -139 -170 -149 -168 -59 -107 71 107 238 -37 -109 219 -40 -209 84 -243 -174 169 65 140 237 -212 100 199 243 175 -194 -14 -246 111 120 -33 -223 46 -152 -5 -12 86 -68 135 129 37 170 -162 118 -82 39 -62 198 -138 222 41 234 177 -199 -32 47 -43 -9 77 187 85 203 164 -105 -89 192 12 -99 -87 -58 -121 32 182 -102 183 -242 -155 -227 23 76 -3 -126 -91 196 -74 -158 -46 210 25 -181 19 -36 52 95 55 62 206 53 173 69 72 -45 -49 17 -200 -245 229 29 -195 -97 -248 185 -219 96 -183 -240 5 -229 -123 -207 -182 -79 176 -23 -140 230 -124 -165 -20 -50 43 126 20 155 119 -180 -157 161 200 74 -153 145 -69 22 -171 244 110 -228 -35 31 -192 -108 -70 -237 -85 139 -95 89 188 49 -216 78 38 -27 179 -24 -198 26 211 -147 228 -113 184 -203 99 -78 27 147 214 -238 3 44 132 -116 -210 -234 -114 249 48 226 -10 -25 58 -202 134 -71 16 -150 45 14 144 -73 124 2 193 174 -125 -160 -232 70 115 -213 209 167 208 109 24 67 54 151 207 178 -52 204 -230 -178 13 -134 -117 114 -19 157 -47 80 -142 -235 -132 -48 -83 -225 -172 103 -88 -67 189 9 6 -53 -151 220 -90 15 -65 30 
TEST 52 ARG:235 181 -246 -35 -23 -241 98 143 180 -8 36 80 184 -41 -208 144 -212 108 241 122 -191 33 -78 -74 152 -157 14 -194 178 15 44 -196 -232 -29 -245 -139 -172 -84 56 176 195 217 -198 99 -43 61 -55 150 190 -81 -221 240 22 -90 -70 -31 35 57 132 -57 155 3 48 55 -4 41 -174 162 204 229 201 30 124 -190 200 43 129 165 -25 -32 146 156 92 -145 -229 -175 -173 -211 25 -39 -85 100 95 194 -6 -231 16 186 52 63 237 4 -82 -206 -22 -193 160 38 166 -59 -2 34 216 -120 62 86 73 205 -192 134 -140 -26 -243 -149 188 136 58 -112 -239 -75 47 82 -47 -240 -135 79 -176 103 -248 -223 -44 175 32 -111 -18 -148 11 192 -73 -195 51 87 -52 208 29 197 226 42 -56 167 -92 65 -110 223 141 40 -226 -202 -137 238 185 244 -215 -126 -42 -153 231 -24 -102 -209 243 46 -67 -20 19 -166 -163 -7 -164 202 242 75 6 163 117 -171 118 23 67 -181 -103 220 207 -177 233 -50 -48 -199 -45 -79 191 -184 64 -187 -159 9 227 -12 -51 -46 232 -227 -89 -146 -143 -97 168 -216 -128 76 234 218 -34 70 -168 161 104 -152 -27 -17 153 37 102 -122 -121 138 84 130 177 -11 -125 -123 -247 174 85 -99 7 21 -147 -150 -109 -233 50 147 193 116 28 -86 93 206 -104 90 -76 107 -127 8 236 109 66 -225 91 214 120 88 170 -219 -37 114 -1 39 -10 69 -49 0 -28 -236 5 -88 139 -167 12 -58 248 -60 -134 18 -101 224 -133 83 -188 -124 119 203 -160 196 71 131 -113 -205 -9 123 -154 96 -114 -116 -36 -197 133 215 -234 -228 -54 -5 -213 106 94 -63 -108 149 -132 -106 -71 26 97 59 -62 245 -169 -91 2 101 182 247 -210 148 -179 140 -96 -158 210 172 151 -183 -141 189 249 13 -118 -61 -119 -100 -244 -238 45 -242 -165 -189 112 -170 -40 -66 -105 164 -94 246 173 135 -186 154 -72 20 -200 -235 -182 -68 187 159 -13 -107 -249 -95 115 -237 -250 -214 219 -220 53 -64 -33 31 49 212 -129 230 -77 -222 17 157 81 68 145 77 211 89 113 110 -87 -144 -207 -142 179 239 121 -98 158 142 -136 -138 -217 -178 -201 -155 -156 213 -14 -3 -161 169 183 27 198 127 -15 78 1 10 -151 -224 137 128 74 24 72 171 -131 -69 -203 225 -53 -93 199 126 -19 -30 -204 -16 -65 -130 -83 209 -218 -185 -115 -162 60 -38 -80 105 222 54 -230 -21 221 125 228 -117 111 -180 
TEST 53 ARG:145 -215 -66 139 40 -136 94 -100 143 -2 215 120 -150 198 112 -92 123 225 43 -77 -57 -76 128 131 224 201 135 -52 157 52 81 -118 -209 -16 -43 -155 75 -134 179 -98 57 166 137 67 -195 -182 -170 115 47 -65 -206 -3 170 163 76 -183 -9 14 -1 -179 240 -106 -50 88 -110 188 -242 -160 -26 -44 207 221 -67 -95 58 -122 74 216 -96 -153 99 238 -213 -166 185 192 213 -174 12 61 -78 167 13 11 -245 220 -146 -231 103 162 15 93 -45 -39 151 227 -88 244 97 -237 -83 133 -210 31 114 26 217 -25 9 119 159 -219 21 211 -37 100 64 -30 -198 -69 150 -116 3 -20 -55 -185 -91 -194 28 80 -32 172 -24 -36 246 -190 -200 229 22 -234 -93 181 247 127 -23 -238 59 -90 153 -203 -29 -15 -232 243 -177 -229 121 -104 164 -135 -47 -62 -13 231 -75 126 70 -144 -14 -175 90 233 -164 41 -54 241 -147 -211 -109 249 208 -168 242 7 -161 194 -58 205 83 55 -35 -142 190 -117 85 214 111 -158 -99 66 134 -218 141 -148 37 -152 130 152 -193 108 -105 138 132 101 104 29 -85 197 -244 2 44 36 82 116 -239 -18 206 -140 -165 -125 34 91 -6 -124 -192 129 65 191 -123 -191 -233 -186 -172 109 50 -129 -151 147 23 33 -196 -217 178 195 248 -204 -249 -97 239 24 -143 -115 -59 35 62 237 -33 199 140 -184 -205 149 176 155 -228 245 -137 175 226 -156 -42 136 156 -28 -51 -21 18 98 6 -180 -84 -81 142 42 -80 -236 -216 -10 183 -63 -207 -226 -246 -149 174 -114 -49 -145 63 -133 234 165 -225 -250 222 161 125 228 60 16 -74 -60 -223 -176 -178 -222 84 193 -68 -154 117 182 219 -19 124 -119 -38 -73 -82 -189 118 -107 -71 203 92 218 -167 -8 173 -7 -34 160 -197 210 -113 10 146 -112 -27 -94 39 38 102 184 32 168 95 8 -202 56 -89 20 -17 -214 -243 235 -201 -72 189 -212 -4 -132 -120 223 -248 -79 113 -157 -31 200 187 -128 49 -141 4 79 72 -221 -130 -159 -101 45 1 -46 89 148 107 -11 -187 -102 -173 -126 -220 -181 209 46 69 -70 68 77 -162 -56 196 180 110 -64 177 73 78 -87 -230 122 154 87 186 -199 169 -188 -48 204 -224 53 230 -163 -40 -208 212 -5 -247 -138 -121 -240 -235 105 25 -131 96 27 17 86 -171 30 -53 -22 51 232 -12 171 0 -108 -61 -103 -127 48 -227 236 -169 -241 -139 -111 -86 54 202 106 19 5 -41 144 158 71 
TEST 54 ARG:-65 120 91 187 2 -134 61 211 87 -105 109 -227 -18 81 190 116 -146 204 44 26 176 -199 6 -113 -13 77 -216 29 -67 -97 206 149 -95 -210 115 129 70 -100 98 239 -22 119 -57 -21 53 35 -206 -153 -63 -147 -159 -38 240 114 183 197 -90 -10 89 222 -92 -6 -81 234 -233 17 226 -171 180 113 134 -43 -211 249 -48 46 -56 -110 124 60 -167 185 192 66 -79 200 127 -143 -85 136 27 47 -36 62 -209 -224 225 230 52 196 -93 65 -241 -62 148 -249 -179 -177 -203 -83 -181 227 -135 224 248 -51 173 -163 -150 122 -232 -246 -237 -72 -157 100 -74 -60 42 -155 118 163 151 -109 -116 36 -173 -245 -16 -117 -20 -64 143 -34 -8 219 -244 -9 210 10 -89 -76 83 -201 141 195 -166 19 -213 -202 -170 11 101 215 155 16 7 92 237 -88 199 -75 5 152 -3 -37 -235 -218 28 -149 -240 -28 -160 -86 59 76 33 -42 157 40 38 135 -188 144 -190 188 -27 -223 -102 232 72 105 -236 -49 -25 -191 167 246 69 -154 15 184 37 102 133 86 -148 -162 -238 193 31 175 -52 236 -19 147 -71 25 -114 -242 32 12 -73 -161 -104 49 203 -178 126 18 111 166 165 213 233 -151 -129 -87 -182 -31 -228 -55 -130 -185 -4 -1 123 -230 212 -119 -192 -111 -193 218 -175 -80 231 -47 78 -184 -164 84 130 189 -35 110 -172 56 -131 48 -59 104 137 178 -139 223 94 108 -54 -197 112 128 186 191 -247 154 -120 -24 -176 -204 207 194 -128 -208 -205 -61 -217 -112 -77 -219 74 171 -23 -200 8 1 -187 -91 -231 13 67 -11 -222 9 -145 -50 -78 -84 80 -122 177 208 -165 174 -32 -53 182 -70 73 -195 -106 -156 202 71 68 242 -66 95 -123 -144 243 146 23 161 220 -225 39 -248 21 14 142 -58 -168 125 -198 90 -220 50 164 64 -101 88 -94 96 63 -194 179 45 -2 221 140 -96 99 139 245 -212 85 -183 -215 -26 121 -124 -239 -115 -44 20 58 138 -108 -196 -136 -45 82 238 -137 241 217 229 30 -69 -98 51 145 3 153 201 -140 -40 117 181 158 -118 41 103 -152 -17 -174 198 132 -15 79 -99 156 0 -226 43 4 55 -180 107 -169 228 131 -189 235 150 162 -132 -127 -250 247 75 172 170 -138 -207 -243 57 160 -39 -29 -41 -158 -30 -221 214 -141 -234 -14 216 97 -7 34 168 -133 -107 -33 -214 54 -68 -103 93 159 22 -126 24 -125 -186 -12 205 244 -121 -46 -229 -82 -5 169 106 209 -142 
TEST 55 ARG:152 -27 111 50 140 -64 -190 135 18 30 207 -175 -192 236 -178 36 148 79 187 121 -171 -13 -127 82 -189 -147 54 235 162 90 -73 -124 126 146 -15 48 19 4 178 180 226 -106 -214 -244 -50 133 -239 -162 -194 -104 161 -114 -211 136 35 17 -3 115 -224 119 -197 -19 -212 -66 -111 -8 212 6 -61 203 174 -230 -206 98 -140 -48 15 -210 20 -60 225 163 106 181 -199 47 127 -46 116 -101 169 96 -38 52 129 -43 173 -246 -196 -180 158 -7 -57 91 -170 -69 -86 -227 -45 170 -225 -47 224 -130 -28 57 -87 -112 -49 -198 -195 -156 202 164 2 -56 159 -201 215 -132 139 117 144 -205 -207 -136 -110 78 9 -154 26 73 -133 -53 -100 70 11 -12 -82 160 222 113 -237 149 150 -20 -203 -18 177 221 171 -138 189 -221 230 157 -148 205 131 191 105 -122 -9 -249 229 92 -200 21 27 142 200 227 -172 201 -25 -202 53 182 -183 -89 -85 -134 -167 7 -226 206 -161 -121 -39 -35 197 -250 143 12 145 -55 62 94 -115 -144 -151 28 -232 -31 -163 -158 193 -54 -26 -44 -92 -116 -168 122 -63 -248 -120 -215 167 194 5 247 68 -231 -117 211 -93 56 -32 239 179 -174 -181 110 -208 138 -4 204 -135 128 -37 42 -52 41 46 198 3 -176 -235 -126 248 -6 -21 108 217 186 -157 -23 -150 -155 -125 33 184 188 244 195 -98 -10 67 -169 219 100 -185 -36 -153 51 130 220 112 -24 -42 39 45 72 -213 234 137 -109 -77 -233 60 -242 210 -102 243 -164 43 156 196 -83 -29 102 -68 -40 223 154 -204 132 103 -141 -223 241 175 -236 -2 -76 24 -105 61 23 -1 -97 -91 -229 -41 242 104 155 209 58 13 16 -14 -128 245 25 -137 228 -209 199 75 95 -33 165 190 -186 -187 176 77 214 -16 -81 -234 166 1 208 123 81 -238 31 -173 -131 -67 84 -219 -177 -216 -74 -80 249 -17 -96 -62 -188 -30 109 22 233 93 88 213 101 172 -65 231 64 63 -184 -145 -34 85 0 -245 -99 -146 -107 218 -159 -139 -142 232 -11 -218 8 -240 -103 59 -22 185 -243 -90 -72 10 134 87 -193 -217 -191 183 -59 -5 -220 65 192 151 14 71 38 -119 -166 -160 216 66 49 -94 246 -79 55 -51 80 29 -113 107 120 69 -123 -88 -70 -182 -247 -222 114 240 -152 -118 141 -78 124 -108 -129 -143 238 74 -165 -71 168 -95 -58 37 83 -75 125 -149 153 32 86 -241 44 118 40 99 76 34 -228 237 97 -179 147 -84 89 
TEST 56 ARG:93 177 195 -14 148 125 27 243 99 83 -37 -250 -4 -131 98 -83 -204 89 -44 -179 8 -241 94 -134 -222 -112 -139 -108 -200 113 35 -181 86 241 217 25 -177 128 179 49 -118 248 -63 149 -168 -143 -236 197 95 20 -226 105 -69 -97 -175 -161 79 6 247 196 231 68 -201 -55 206 -230 -242 -100 -187 3 -59 34 -124 -22 -93 70 -16 134 -28 56 -54 92 -144 -46 -154 -51 121 -13 57 165 62 219 -137 127 192 209 2 120 -102 59 -207 160 -227 -12 -174 -40 153 188 -203 178 -75 67 85 -220 90 -107 176 5 141 225 -153 132 -92 -53 175 -233 -176 21 38 -34 -90 203 97 55 10 -70 -160 221 -45 154 111 210 193 -43 -57 12 46 41 -249 222 -2 1 36 -122 84 9 -235 230 -159 -164 -208 15 -162 159 -192 146 -41 -10 -186 -218 -109 -191 108 147 -19 -213 13 -119 -184 166 -68 72 -111 -105 172 -157 -172 110 155 -194 -91 -198 202 -182 122 -140 -5 -151 -67 63 -234 -244 181 136 -77 109 76 112 -20 244 44 -15 -141 -25 -58 -48 39 -123 114 200 233 -189 145 -47 52 -215 -158 -229 235 102 -9 212 -163 -114 -169 123 -155 156 4 -138 28 -116 -66 -73 22 -148 78 107 -86 -209 234 16 130 -225 -72 103 213 -101 54 -89 119 245 138 -240 -188 -121 139 237 -248 30 96 249 140 -94 158 -6 88 -24 23 246 53 -216 -85 216 238 -166 131 -190 -185 208 -87 240 82 -150 73 -42 -50 -247 -132 64 66 -232 -36 169 205 -1 -196 227 101 168 -165 19 187 -238 104 144 -82 194 -3 167 215 -228 -99 162 214 -221 65 14 -217 -65 142 11 -246 -239 115 -212 42 75 150 242 -195 -95 137 152 -149 -211 -113 -197 -127 -231 -129 -98 17 -142 161 -31 -56 -210 -26 126 171 186 -33 -29 143 -18 -76 -214 77 218 -224 -103 -120 -38 -173 0 -219 239 -135 -243 -245 -202 -167 -128 7 -8 199 224 117 -17 -78 -152 33 74 -170 211 60 232 71 -199 157 -117 228 -193 -61 129 40 226 173 -27 80 -136 -133 135 -74 -126 -223 -62 -125 -79 -178 106 201 223 -106 87 118 133 -64 -146 116 -110 204 91 48 -206 37 198 -205 -183 151 -49 24 185 -52 -35 31 229 -104 -81 29 220 207 191 236 164 -96 61 -171 184 -71 32 -7 -88 189 -30 -84 45 -156 58 -147 170 180 -23 -115 50 -80 43 -180 -60 174 -39 18 163 182 -145 190 51 47 -237 -11 124 69 -21 100 183 -32 -130 26 81 
TEST 57 ARG:-46 -205 93 155 -162 198 -171 91 42 153 -125 123 72 133 124 178 62 -126 -20 -118 -3 132 -211 -183 242 -144 -22 -245 -127 248 -89 -83 114 85 -174 -197 194 234 -97 235 145 169 183 -232 228 9 188 -99 -220 -117 -135 -6 -9 -40 -244 137 184 2 -186 -28 206 32 -25 -226 20 120 -58 -235 103 -172 84 185 13 118 -167 -133 -221 -51 -123 -61 -238 116 -73 -176 244 -16 24 45 -180 -184 -29 -181 139 245 -92 -158 -213 76 -217 158 -80 -98 176 212 -50 -228 74 -132 186 -242 -106 146 -85 130 3 -37 193 -44 -79 -202 -243 108 5 -153 35 37 -36 4 -177 -131 -100 52 -82 170 95 56 -101 65 -234 -57 -216 -200 11 -145 126 47 -84 -87 106 -74 179 12 152 -193 -128 195 -163 200 -250 107 -179 -239 168 181 -65 166 -11 -246 38 -77 58 71 -62 -114 17 -151 -129 -168 136 73 81 -93 -12 113 1 -203 -212 148 7 104 22 87 -104 -17 -201 211 -237 -5 142 -108 -207 174 -86 210 -113 238 -42 115 31 80 229 -170 100 25 110 192 67 -30 159 -115 -23 -196 -75 -27 -72 -165 97 -53 138 -141 53 -47 -39 -34 -18 -7 -218 -19 21 -230 249 175 -64 41 128 -48 117 232 -94 -119 79 227 216 -204 157 241 131 92 150 -182 240 213 -142 122 189 224 165 207 156 -134 -199 30 214 -187 -224 16 134 34 -120 191 -247 233 19 -69 -154 -143 119 26 154 -223 -240 66 236 -78 -190 -35 190 197 -150 127 14 -122 -90 109 203 -96 -210 -112 -169 -21 135 -229 202 -124 246 -76 204 82 -206 61 162 -236 49 -164 -215 -130 -192 173 -14 -159 0 18 187 96 -161 -148 36 247 50 44 -10 208 -137 88 222 -95 121 -149 239 219 217 -55 105 -194 -208 -138 -231 -41 -63 -68 -71 161 -146 -147 -249 -140 -107 -227 -43 -111 149 171 -152 68 77 -157 -175 70 215 140 182 163 90 -214 -38 -198 8 -59 -139 15 129 -15 -121 33 141 -66 10 59 218 29 223 40 112 94 39 89 199 -156 83 -8 243 69 180 51 -173 -88 -248 -91 172 -70 101 167 57 -102 230 -109 -67 -56 -178 -191 220 54 -166 -233 147 -32 -81 -24 -110 -26 196 -195 111 46 -219 -185 -60 75 205 231 201 -33 144 102 -155 60 23 226 143 -160 125 -225 151 -49 -13 27 -188 209 86 63 6 164 64 28 -4 -241 55 -1 177 -45 -54 -222 237 48 225 -189 99 -52 -209 98 -103 160 -116 43 -2 -105 -136 221 -31 78 
TEST 58 ARG:-128 -240 -202 128 -182 146 103 141 -172 126 -242 -126 -28 5 -31 -102 -218 225 -189 62 -105 193 245 116 63 -201 47 -119 -95 182 -173 -8 -85 64 -36 99 -181 -203 -190 170 42 218 237 201 26 16 102 25 -62 -225 -219 -110 -239 -41 34 94 159 -213 238 191 104 -221 66 -116 -214 145 208 -103 -233 -19 -212 81 -135 152 -222 -137 178 -234 79 -243 -22 226 -2 58 122 -106 -209 -228 177 219 -63 -98 -90 -166 153 181 -1 12 40 -24 -204 -75 188 200 244 -216 192 -136 -186 136 -153 109 9 -94 -210 172 -130 155 222 -188 173 76 -147 91 -156 17 -29 224 228 246 -111 -108 -113 82 -35 -87 -39 195 -141 229 -81 -50 -164 123 111 7 67 232 -171 115 -191 211 134 108 -122 202 -194 -46 216 -236 -17 84 161 93 -208 180 -199 -196 -21 -3 -244 -70 121 -237 33 227 -220 2 -230 -79 117 -127 75 78 -56 197 -211 -120 72 27 -232 1 -66 -177 110 -83 209 -67 132 204 120 18 242 248 100 -205 -49 -11 -155 54 -55 156 83 247 39 -129 -206 -71 215 4 -91 -123 -7 13 -18 131 -45 151 -13 124 233 97 147 157 71 -149 -33 -229 -40 114 -25 -163 212 -178 -131 53 186 220 140 -6 -224 210 167 154 113 139 -80 171 -121 -125 -114 -226 194 -86 43 -51 -117 -132 -27 69 74 -150 -165 -238 -42 -96 130 -69 -167 -32 -84 -158 -249 68 -61 -23 28 240 -78 127 -215 -48 -134 89 223 -180 189 -142 77 -235 166 -64 -154 -179 87 -101 190 213 163 -124 -241 21 217 -99 -195 198 -68 -26 249 30 118 -82 -60 -15 73 165 -175 -139 205 29 176 -146 -148 31 -109 143 -187 -12 -138 -248 -74 46 184 -57 207 50 80 203 -59 -185 -193 -16 221 -89 19 -231 144 206 106 235 41 88 -247 -76 59 14 -112 -168 135 -169 95 -104 -223 -144 49 65 -44 196 150 -207 51 90 243 37 -72 -54 142 48 -162 -157 137 149 175 241 -14 -92 85 22 -10 86 -227 164 10 38 56 3 36 -65 234 20 -88 236 60 70 92 0 158 8 187 230 -198 -77 -184 35 -73 -143 138 45 107 -246 -5 -34 239 -245 231 -217 -176 -53 125 44 55 101 -200 98 -118 -43 -192 199 183 -52 -170 -250 105 -9 -174 23 15 -133 169 112 133 -58 129 -161 24 -183 -20 148 -30 -38 -93 -37 162 -145 -97 -151 -47 -159 -107 168 52 57 32 96 185 -4 11 214 174 -160 -152 119 -115 179 6 160 -140 -197 61 -100 
TEST 59 ARG:226 135 -126 13 69 217 -190 -61 65 127 -134 118 -181 -115 131 216 -2 -96 146 17 -194 -163 168 167 77 242 57 -136 151 -7 2 229 23 -204 200 -125 -121 5 211 32 -99 209 -210 81 -195 86 51 70 107 -75 12 -73 138 88 224 26 3 170 -133 162 169 235 29 -201 -13 141 76 198 -178 249 -159 -9 184 139 -216 -58 -47 -77 130 -30 -101 101 -149 -141 174 -3 154 -10 79 68 48 72 -74 112 -160 -153 -167 -49 -24 -84 -212 -129 16 -179 -186 195 -44 18 -78 36 -82 -59 123 -247 165 -16 44 219 -45 99 150 -21 -119 -128 -85 -108 83 -55 -19 -231 39 -64 -226 82 231 -38 67 -205 -191 -34 -63 -187 -243 -148 163 -174 207 -171 -225 159 212 -102 223 66 122 116 62 61 -234 243 161 8 191 -90 -170 -188 -103 160 10 -155 43 6 -152 178 -151 46 128 -227 31 241 -8 -86 115 -177 -114 187 -213 203 -91 -83 -20 -230 -199 -228 228 -242 -233 117 148 94 40 56 149 -196 -95 -120 47 -206 205 -71 202 233 -29 -237 190 95 103 -244 142 -193 222 104 193 -31 143 126 -241 -164 -65 -116 206 -32 49 230 -25 35 247 20 -208 -131 -46 93 -69 -105 -56 -111 -235 -79 45 -165 -81 -130 173 -248 41 -18 172 -217 -140 218 -214 -39 147 188 -173 9 -223 -70 237 -203 -176 111 109 204 58 -211 -220 -12 -249 110 -162 192 -185 59 220 -184 -118 124 22 -48 155 208 248 -224 -15 14 -36 -157 97 -240 152 1 -42 55 179 -200 50 92 75 -180 137 -182 90 -183 -246 -189 -106 -137 -229 -127 166 4 -94 156 78 -43 60 -145 -192 189 245 19 164 201 177 -51 -28 132 -27 15 -52 -215 -197 -146 -66 25 89 100 -22 -5 157 197 -109 7 0 113 -98 -112 -166 11 -110 214 -97 -33 34 -23 -68 -124 -202 -232 38 -26 186 -144 -54 52 28 185 125 -238 181 -14 -218 -35 -4 73 71 -72 -219 -236 232 -60 246 240 -169 196 -207 -40 105 221 -100 239 21 -57 -113 37 -154 -93 -62 -161 194 -198 153 -6 -11 -175 -209 -123 -76 -135 -104 -92 121 175 -122 136 -139 236 120 -41 108 -250 -156 -221 -1 199 145 -17 -107 -142 -53 54 91 98 102 74 -239 -87 84 80 129 96 158 -150 -88 -143 -245 -147 -172 30 106 171 176 -67 -158 -50 238 -89 -132 180 227 119 24 33 -168 140 85 53 -117 215 134 -138 210 244 -37 133 87 42 -222 114 213 -80 144 182 183 27 234 64 225 63 
TEST 60 ARG:122 209 64 170 -231 -109 -141 40 68 23 25 -246 -176 56 -225 155 -83 -186 216 105 -158 -33 -51 -168 -81 -104 -147 147 86 -17 132 71 -57 -227 -47 121 196 53 99 -12 -238 -65 180 247 -110 -207 213 226 -90 197 -1 -54 -180 -37 203 -248 1 141 -177 -120 149 184 24 -245 145 -144 -20 168 -121 55 -86 -187 139 45 233 142 28 -3 183 -125 3 -39 14 210 -23 78 12 208 -34 -240 -99 75 34 248 -112 -111 30 219 -232 -163 -154 172 177 95 26 229 -42 94 83 89 173 29 8 -97 -189 -66 -76 65 10 108 -119 115 244 -134 7 -72 -243 198 242 163 -239 207 -84 -9 144 200 148 -211 -194 -68 190 -64 152 -146 165 119 96 -237 112 -214 20 50 -139 -241 186 -41 -7 118 -136 160 -242 214 224 230 35 188 15 143 249 -53 191 88 -127 13 49 70 -78 -2 227 51 164 -8 113 73 -102 -159 -69 11 221 -55 -183 47 -105 39 -170 138 -43 -71 -137 161 62 -151 -167 -52 84 -130 31 57 116 -143 27 201 111 205 -188 -156 -50 -30 -234 -206 -219 204 97 -160 -87 -16 194 -46 -44 185 9 158 -171 232 63 -221 136 -38 16 93 -63 -80 85 59 -184 -212 -149 18 109 127 -36 76 61 -208 -62 -220 -15 -175 -108 44 120 193 -249 -199 6 110 -191 -169 46 60 -28 -67 -114 171 124 -174 157 -40 189 187 -93 -222 -117 -75 -95 -193 37 -247 -74 -129 -60 192 199 -223 -4 -123 -56 -235 -182 -25 220 -89 -185 -173 239 -224 -14 228 -178 222 -166 241 -152 79 2 175 -101 -210 -113 4 -179 -216 -106 117 103 -26 -58 81 80 131 32 22 5 107 82 182 -45 21 -132 -165 128 66 -213 -100 151 225 218 134 -233 38 240 -198 0 202 -88 48 41 -10 212 -31 -126 -196 -103 -92 -202 98 178 -107 -201 -13 77 -48 236 67 -96 -135 -19 52 -181 -124 74 -197 91 114 101 237 -131 -226 17 90 -61 137 -32 235 162 133 54 174 146 43 -195 100 -49 -218 140 195 206 -145 -59 166 167 -24 215 -164 -122 -115 150 126 -29 159 130 -140 129 -94 -133 -22 87 -244 -91 -150 33 123 -70 211 -215 -148 245 181 -116 -228 -73 -172 -6 106 156 -161 -217 -118 102 179 125 246 -142 -85 -157 223 -230 58 -203 -200 -77 -229 154 -18 176 238 217 42 -98 -190 -21 19 -138 153 -35 104 -205 -204 -79 -192 169 69 -128 -5 -209 -236 135 -82 243 -250 72 92 -11 231 -155 -153 -162 36 234 -27 
TEST 61 ARG:249 127 188 -219 223 -166 -87 -43 197 -78 -134 248 -244 -211 242 -124 102 -216 -148 41 227 83 -9 -5 -126 -67 149 -103 -173 131 86 -88 -250 -192 79 114 -162 87 3 -57 120 -27 67 -101 -208 -95 -145 185 11 -53 234 77 222 6 -38 0 -200 42 8 -48 -76 157 152 -113 233 75 16 92 29 -36 168 -239 193 10 -224 211 44 22 -205 209 37 136 7 116 -120 109 128 72 -204 -21 -81 179 -182 -238 68 19 -218 123 -90 -193 -40 151 35 -152 132 -132 153 -62 -167 240 -157 -138 228 -80 -174 2 -154 -35 177 -190 247 125 32 -229 230 43 94 -199 137 171 147 -97 -122 -228 -137 -45 139 143 -14 -54 -240 239 -24 -63 -177 -116 -65 89 180 -217 -159 88 243 -210 64 -213 124 38 101 182 238 163 -55 -109 160 36 17 80 225 -147 201 1 -47 246 219 -197 9 -235 184 -187 244 183 82 -127 93 -226 -93 213 150 -150 78 -139 95 -106 39 198 187 56 -59 -236 142 226 186 245 -215 -155 192 -39 -28 -169 -68 195 161 -223 -114 121 -44 96 69 5 156 -176 -115 -207 -247 113 126 -32 55 -61 58 -196 -17 -85 -191 59 -194 12 -96 -161 -15 -156 -146 47 49 -178 -144 -33 57 -56 -170 -1 -198 129 85 181 -232 -52 -3 -20 229 155 -91 -51 203 -243 65 214 110 -31 173 -16 21 206 -125 108 -111 107 -75 60 -203 -84 -165 -79 115 -234 84 146 140 -133 133 33 -29 241 -19 237 -151 -94 -141 -89 -142 -72 172 -172 97 4 159 81 -74 -227 216 -201 -34 -12 26 105 -164 -158 190 -46 -188 -149 46 148 -49 98 -73 63 71 -225 -220 -60 -249 162 -118 -108 -30 -160 -119 -112 53 50 -18 -83 134 154 169 200 -140 -214 -110 -22 13 202 -6 -7 -212 -2 144 -153 194 221 117 -117 -121 231 -77 -242 -23 118 30 -100 -175 91 76 111 217 -245 66 -58 -209 14 -163 27 170 220 166 174 -25 -202 -222 -185 -13 212 218 196 191 -64 -189 167 40 20 -181 51 215 -104 -131 207 -82 99 45 24 175 205 31 106 210 -99 -233 -143 165 158 15 -50 -230 -246 138 122 -11 -136 -195 224 208 -183 204 164 189 -184 -206 176 62 -4 -168 -231 -123 199 178 70 48 52 -71 61 25 -105 100 130 -37 -10 73 -8 23 -41 -237 -42 -248 -92 74 236 -98 -241 112 -66 -221 -26 141 -130 103 145 232 -69 -86 135 -180 -179 -128 -135 34 235 -129 28 54 18 90 104 -107 -102 -70 -186 119 -171 
TEST 62 ARG:-111 151 -228 -189 -166 193 -115 -218 -149 -146 11 157 -79 -182 -95 -37 156 -219 -62 -54 133 7 42 -137 165 -215 30 149 20 67 -209 -248 204 54 217 -117 215 63 61 89 176 -177 -229 -65 153 -82 -50 36 -10 -35 243 47 -234 -49 -48 -118 -206 179 188 -125 -38 88 -91 -41 65 -187 4 74 39 190 -33 234 -131 174 -31 -1 103 -171 -159 209 81 -2 13 -55 -121 2 -204 124 -71 218 45 95 60 -67 -39 46 82 43 87 49 101 18 -196 162 28 -85 140 17 -44 -168 -89 73 227 239 -122 185 191 -68 38 41 -186 -240 231 -241 125 -184 130 -221 117 154 -128 -29 -156 208 122 118 -40 225 -53 228 214 -227 -238 -246 -46 -249 -181 219 -107 178 -203 -47 -160 158 94 138 92 107 220 -239 97 -30 70 111 134 -226 -191 -199 96 171 224 -94 91 12 -81 79 -58 -173 -43 226 167 223 249 -164 -105 78 5 50 195 -102 -56 152 139 -208 -104 -242 -28 -136 230 -60 26 -72 -32 0 -108 -214 -216 -167 52 -225 177 15 -155 159 173 -200 71 147 -158 216 194 -201 206 -220 175 -73 -100 62 -139 -96 184 168 -193 205 16 -52 105 110 -11 -237 166 -183 -140 -127 -190 -143 -197 9 127 -172 -129 187 -141 -243 161 -77 66 196 -90 128 221 -169 233 -76 93 212 -150 34 248 31 84 242 21 100 14 10 -142 -162 6 -116 40 64 -185 245 155 109 -179 235 -63 142 -34 -176 51 -101 -145 -64 24 -120 238 -235 197 163 -165 48 -123 -6 -23 237 1 -148 -132 29 -154 -21 119 121 129 180 -175 -51 -109 -161 -61 -205 75 8 207 -74 203 -152 241 -126 132 86 172 -213 232 77 -212 -92 -112 -247 -87 150 -236 -198 -24 -80 -134 -75 -202 -231 192 222 -233 137 126 -4 -14 69 33 -250 211 -103 169 -57 -217 -78 -224 -3 -98 -210 244 -135 181 145 186 -69 210 -88 72 120 -174 -192 189 164 -22 123 3 202 -15 98 -93 -124 53 213 -133 131 135 136 -232 -114 183 85 -170 -138 -244 -207 -19 -59 -83 76 -42 99 25 -230 -27 -20 -66 116 -25 -18 143 19 108 23 -113 114 201 32 27 90 37 -211 -153 -70 -99 229 56 198 -16 35 106 112 144 236 -5 -222 -36 -188 -144 240 246 -26 146 -245 44 80 -86 55 -180 247 -84 -223 -130 -97 170 -45 -106 104 -151 113 160 -7 -163 -194 200 182 -8 68 -12 -178 115 -157 199 -110 22 58 141 83 -195 57 59 148 -13 -147 -9 102 -119 -17 
TEST 63 ARG:-205 0 179 -206 155 7 122 145 -221 -220 141 -216 -161 54 -122 -56 89 -116 -230 242 -120 87 -126 126 86 181 -218 -123 238 12 -240 -74 41 -94 70 -2 -16 -69 183 244 6 -73 53 163 107 98 162 -45 240 37 233 245 -232 132 121 -130 131 160 202 79 210 11 102 -179 184 216 -79 -22 165 173 63 -112 -101 -152 -173 -124 35 39 237 -207 91 28 -85 30 -37 -243 -51 -200 85 -192 248 241 -18 94 124 164 82 225 50 229 149 -176 -107 -234 77 104 219 115 -75 88 -237 -3 142 -151 127 93 -236 16 45 56 200 135 151 -167 43 215 -55 -48 205 -189 25 -71 -186 -93 -6 -82 -195 -127 59 -204 178 -117 136 214 109 -198 -25 169 22 -143 -70 -72 -196 -244 125 -208 -157 4 247 201 174 227 -201 -144 -23 -114 -172 8 -185 206 -154 14 -212 -193 137 21 -61 -239 -43 218 10 -163 -242 152 224 128 99 134 -102 -7 -41 168 -5 71 64 52 -87 -90 -222 -149 -134 204 -169 -248 120 -213 221 -10 32 -89 -125 -191 40 -17 19 -8 -91 -121 -219 -184 -181 34 -63 -228 -14 97 119 156 -35 220 -31 189 -15 -178 198 -131 -177 143 230 203 -64 187 -83 -142 -118 -84 -11 -50 -168 15 -20 48 -215 61 133 -166 -214 13 -155 65 44 -199 176 -136 -24 222 -170 239 130 -32 209 105 -247 -104 -133 -60 194 246 -33 -65 -150 -146 -241 -109 -52 -162 167 182 112 47 139 180 -88 -175 193 -159 1 235 -86 66 33 171 -111 73 -108 175 -210 -203 -97 67 -12 226 228 -197 -59 110 -21 190 113 116 -217 -34 -100 -249 153 243 55 75 -36 100 154 -77 18 31 199 -54 3 161 158 -105 -13 -67 123 249 68 76 208 -226 146 108 232 81 -160 236 83 -81 -106 -119 -138 -9 9 -44 -19 -113 -238 -29 -129 172 114 -39 90 -28 38 192 -224 -135 -246 -250 -229 -187 -53 106 150 -141 27 118 157 5 -66 84 144 95 -49 117 -132 217 -76 23 69 57 140 -128 -62 211 196 185 188 -139 -235 207 -98 213 49 -92 111 2 -209 -47 -158 -95 -30 74 147 -225 197 195 -58 17 -231 166 129 -46 92 -27 96 29 -96 -233 62 -183 80 78 -4 -227 -140 -57 -190 -245 -188 177 -164 58 -148 -78 -110 -194 -174 -103 212 42 36 26 -26 -180 51 101 46 -156 -165 231 138 -202 -80 72 159 -40 191 -1 -99 20 -115 186 -147 148 -145 170 24 -42 -153 223 -137 -171 103 -38 234 -211 -182 -223 60 -68 
TEST 64 ARG:126 -176 -26 177 -105 -144 90 54 113 -87 107 205 175 229 -223 144 214 -222 48 -142 -68 190 155 -163 114 -250 124 -249 42 143 182 132 -75 -52 101 -218 185 95 196 217 93 235 -155 193 -119 -233 -182 131 -73 -235 10 21 -208 -77 23 80 56 94 179 194 -122 31 99 141 96 33 223 -207 -226 -200 236 18 112 -220 44 211 -168 -65 -11 -76 -242 -90 70 -15 -177 79 -134 -205 -244 -161 -78 153 32 201 176 -156 -154 130 -216 45 228 -238 -228 -72 -113 104 11 68 -152 170 -225 -198 -139 76 29 242 -79 237 1 -123 -174 75 -135 -197 -111 -50 -210 47 -248 224 -204 218 26 8 73 63 87 -188 15 247 -121 244 -227 -33 -196 103 98 -86 204 189 -158 81 -239 -132 225 22 -130 69 85 -54 58 207 20 -232 142 243 9 -124 -189 -191 173 234 158 162 -84 212 64 43 -60 28 -92 -21 -82 226 5 -48 4 181 186 206 239 145 36 197 -93 -59 -185 109 2 240 -112 -91 -171 3 49 65 238 127 -114 -116 100 -241 198 -231 110 -32 148 89 -16 111 -181 -109 -55 -58 -129 -2 39 -138 -14 -66 -44 77 -22 166 13 -212 180 200 184 -133 53 -184 -51 66 232 233 16 46 -178 -42 230 -246 -206 167 -128 -88 199 208 161 164 -37 248 -159 115 -1 78 -195 -236 178 183 216 118 -131 72 -151 222 37 -10 140 157 -13 -107 59 156 139 -67 -245 -243 88 187 241 -63 27 -41 -19 -74 -145 245 191 -43 221 -8 -234 174 138 -149 -46 151 83 160 -3 -193 -104 -115 188 227 -127 92 117 -35 -99 0 231 -183 -71 -166 172 116 210 -173 159 -186 165 152 -23 136 55 -213 134 -38 -165 137 163 209 -140 -40 -180 7 146 50 -95 -6 -102 84 105 108 -209 -162 -103 -146 35 -118 -34 -45 14 249 -20 -29 -89 -101 82 -187 -36 -70 125 202 -49 -179 -25 -57 168 6 169 -64 -229 34 -30 57 -170 246 -221 -203 61 71 -160 -192 -56 219 102 -18 -194 -97 215 154 -199 -117 213 -175 -108 171 133 -120 -164 192 -100 19 -237 -4 203 149 -17 -247 -157 220 -211 86 74 -137 120 60 25 -153 195 -81 -83 30 -62 -125 -143 41 128 119 -39 -217 150 -190 121 -150 -24 -141 -148 129 123 -201 135 -61 51 -169 -94 -219 -12 122 -167 -147 -28 -96 -215 12 -69 52 -7 -31 67 -85 -106 -240 -47 40 -136 62 91 -172 -5 38 -27 -214 -9 106 -126 24 147 -202 -53 97 -80 17 -110 -230 -224 -98 
TEST 65 ARG:-193 -131 -32 -163 -188 -73 -172 249 166 143 -38 -183 45 -104 140 207 -24 -198 -84 11 -145 94 151 6 115 170 93 102 -55 -178 23 26 41 225 123 210 -130 -70 -117 160 238 211 -86 153 -176 -8 -245 -118 165 -207 -185 -146 81 -40 132 148 203 92 159 209 16 -26 -196 -92 -71 -239 136 -94 -174 -25 79 130 77 9 -21 -141 43 195 -171 -164 36 -189 172 231 -246 -101 -63 8 180 72 14 -64 198 -110 189 220 108 56 -142 -5 -133 78 -166 204 111 84 63 113 -9 247 22 -105 73 -169 192 -98 -116 245 127 12 -243 -225 -175 87 194 173 229 -144 117 -120 39 64 80 -137 -249 -15 121 -56 145 -154 55 201 -39 -2 -153 -216 68 -16 -138 71 -227 202 32 0 -241 47 120 97 -148 -199 169 -99 139 -124 185 183 -90 217 -229 -234 -157 74 105 -136 216 37 -108 -100 184 223 70 -19 -27 146 -81 -247 -82 2 129 -45 126 -1 -140 -244 -162 -179 -43 -59 65 33 224 -218 20 214 230 212 -106 67 -30 -88 188 116 -78 221 25 -173 -149 90 236 190 -135 168 -236 244 59 -107 191 -128 -109 158 -4 -75 -125 34 -248 157 -74 131 -197 51 -139 13 -20 88 -151 -95 -212 -168 199 133 -219 -6 226 -152 85 18 -242 176 -54 42 76 -228 -160 163 40 -209 -156 -65 66 -23 -205 -3 -111 -68 -211 175 215 21 -195 -89 -72 -93 -114 -61 -217 69 -102 -210 103 109 -14 147 3 -57 -7 124 44 -28 98 219 197 -35 232 -187 154 193 144 -184 162 -80 30 -143 -231 -230 15 242 -103 100 128 19 171 86 -238 35 125 101 248 -170 114 -62 -31 -191 186 138 -233 234 96 141 213 142 196 -203 -250 -44 178 106 -147 243 -48 -182 -12 -97 152 27 235 -49 -235 -123 181 118 -202 99 149 -226 206 -46 -66 -221 222 104 -67 28 -60 -79 -194 -76 52 -33 -18 4 -167 58 24 5 134 107 -159 122 -222 119 29 112 200 205 246 -214 -10 -85 17 -113 -134 50 -129 -220 -17 -37 49 91 -206 -52 -121 155 228 57 -11 -96 -208 48 -155 62 -165 -69 -22 156 -42 -132 38 -177 -126 -53 -77 82 -58 7 -87 -36 174 237 -150 -161 -201 -181 -112 137 150 -51 83 -41 -119 -34 -127 -50 -240 10 -83 -232 -213 239 -47 -204 187 -190 164 54 -192 60 218 95 -223 208 -186 31 227 53 46 161 179 -215 110 -115 -91 61 240 182 -13 -237 -224 167 89 -29 1 233 241 -158 177 -200 75 -122 135 -180 
TEST 66 ARG:160 -45 -156 197 -194 205 207 148 105 162 -198 24 7 8 53 247 -174 86 164 -4 154 -209 156 99 161 153 -177 -58 -235 28 -154 -21 -213 193 226 232 -52 177 -226 -139 95 126 -76 -101 188 225 79 244 248 -239 -227 -131 157 224 -20 -127 116 -93 -63 -98 -246 -137 170 238 55 192 138 -218 -71 -232 158 -173 38 -207 -149 97 60 25 119 100 27 -151 -39 212 -37 109 142 -6 -184 -84 87 -237 0 135 29 -103 -113 182 91 -155 -245 18 -57 215 -178 -197 -75 -44 -200 -89 -243 -61 -163 32 243 -205 92 166 131 -125 -133 76 -115 56 186 -60 -27 -166 4 -141 -86 -161 -9 31 -2 176 -185 -23 245 -32 222 213 14 195 45 -215 -33 -240 -250 110 63 209 -47 118 152 59 -40 -62 -68 -73 -140 139 -31 -202 163 165 1 -146 217 103 -189 -17 37 70 137 65 155 26 84 66 54 -132 -148 -3 -188 22 -106 -121 -129 2 101 -190 -169 -172 141 -100 -216 206 214 -120 -41 78 43 -1 190 -203 175 -136 174 111 -191 167 -90 33 223 42 75 61 40 147 -214 140 12 121 234 10 9 -55 -144 127 236 -50 -249 -186 211 122 -168 -130 129 -11 -65 -225 -35 -193 -224 67 108 -5 210 82 -92 -26 227 -244 -210 106 35 36 -242 173 50 96 -147 -192 -15 -54 151 -114 183 46 44 73 -97 180 81 115 -135 241 201 219 -78 179 113 3 -77 -126 -10 -162 89 171 -14 -46 -122 -238 136 52 -196 242 -171 -160 -138 -12 62 -236 172 21 144 -211 -228 -38 -201 230 -230 -16 -36 208 13 -43 -99 -167 128 -157 -67 199 203 69 -91 72 71 -107 88 23 -64 -69 198 39 -49 -128 47 125 -28 51 -94 -51 114 49 -34 -42 -231 -109 -72 -66 221 202 123 -102 233 93 -145 -110 169 58 -87 -116 -221 57 249 200 -7 -159 178 235 17 -96 185 -70 20 191 30 16 -206 94 -105 168 -182 -59 107 -13 -150 -104 -123 149 11 77 -247 -19 150 -25 104 34 -83 146 237 -22 -95 -195 220 -219 130 6 187 -170 -241 -220 48 41 19 133 -223 -165 -81 -88 -175 -143 -112 -119 229 -124 -8 184 -29 -117 -229 159 240 80 189 -80 216 -24 -111 15 -118 124 145 -179 -217 -187 181 -180 83 -108 102 -30 204 -208 239 -85 -82 -183 85 -234 120 -153 218 132 -158 90 -176 5 -233 228 246 -181 -204 -164 196 194 -199 -74 68 -56 -212 -142 134 117 -53 231 -79 -248 64 98 -18 143 112 74 -48 -152 -222 -134 
TEST 67 ARG:67 149 -21 108 186 70 65 138 -75 213 -110 -120 -93 -36 -135 -173 223 -50 -85 60 229 216 126 -90 -137 188 -40 79 41 -187 75 -124 193 -215 4 48 72 -37 -123 104 -223 -237 99 204 -45 238 74 30 206 -53 160 84 100 211 -155 190 -48 -202 225 -207 -38 162 92 191 -31 -72 -236 -35 -197 249 -66 -239 -122 185 -216 -29 46 -10 -41 -44 -125 -28 28 125 81 25 -69 181 -24 -178 209 -146 -229 -71 -142 -65 -220 -91 -243 -2 76 21 -115 -55 -81 228 -105 -206 80 -164 170 -73 29 -5 -80 -143 -144 97 -231 -190 39 -193 236 98 217 222 57 37 -245 214 146 239 224 -153 203 -60 -184 -232 7 -224 194 -97 -163 -152 127 171 -92 195 -113 23 -79 -154 59 -242 -121 -177 -233 77 -172 -83 -189 69 22 215 164 244 -210 198 32 -11 158 -182 -126 24 161 114 -3 135 -235 -82 16 172 197 -94 -13 -133 -62 207 -250 167 -140 -165 2 -27 226 -46 220 45 221 -183 212 241 231 187 -112 137 -16 -101 -109 -111 154 134 94 14 -99 -248 199 165 -147 61 163 142 -240 91 -203 -19 -67 -174 184 -160 -205 -218 121 189 35 -131 151 93 118 13 96 82 -64 33 -158 -42 -156 205 159 -141 -181 -234 66 51 -14 -96 -25 -128 -63 18 150 -18 169 -1 128 -51 -138 -106 -238 49 15 9 -228 -39 111 -20 -200 200 141 156 -204 87 148 86 248 153 -70 -43 20 -98 210 -244 42 10 -9 110 -157 36 12 -59 -171 -132 -227 -199 122 -87 -117 89 105 19 245 124 102 -22 130 132 -149 144 -30 179 3 -176 147 202 54 -34 247 101 140 -246 -225 178 -130 -201 52 85 -8 -213 119 109 -33 -17 -191 235 201 -185 -54 -7 -166 -196 -198 -26 -129 -88 -114 -23 218 107 5 -102 55 176 -74 180 -241 168 56 71 -226 26 -180 237 129 95 -61 113 -217 31 -12 -134 44 -49 8 -247 112 6 34 230 -86 -211 -162 183 -167 -209 63 27 -179 123 -195 -186 73 143 -148 -95 152 196 -104 47 139 -78 43 242 174 -150 78 -170 -77 233 -168 -52 -188 90 -219 246 173 -151 -221 136 -194 -107 -58 11 157 -76 -214 -208 68 208 182 -100 64 -136 62 -56 103 -68 -139 17 -161 -32 240 -230 227 -145 -108 -103 -222 -15 116 -4 -212 106 88 58 -175 -249 155 50 40 234 232 -118 -84 53 117 120 -116 219 177 -47 243 192 -169 0 83 175 -192 131 38 -6 -119 1 -89 -159 145 -127 115 -57 133 166 
TEST 68 ARG:33 -192 10 -193 -179 -205 -204 -136 -28 -39 131 -195 122 61 111 215 231 13 187 105 -46 -227 -68 63 201 62 -162 -89 -198 43 129 29 44 135 -230 -234 -5 6 66 -82 18 -221 110 -143 -97 -32 199 104 -80 142 148 -58 -232 245 -147 41 -183 -223 -110 -43 102 69 86 152 37 241 -22 -146 216 -2 39 120 -171 -153 -241 -51 56 -163 -123 161 -52 93 -199 49 -142 239 170 19 240 -172 184 121 97 -35 177 -235 242 45 -160 229 -85 -167 70 12 155 -164 -186 23 115 180 -225 173 -77 78 112 -148 189 133 68 -99 -214 -38 81 -10 128 -84 -175 164 -108 233 196 -106 -65 236 -96 -240 -237 -168 103 -189 -128 58 -14 218 153 100 -182 28 214 230 -137 -236 57 190 -156 15 114 140 -201 206 174 118 134 -21 113 40 125 225 167 217 -184 226 -111 -152 -177 -208 35 -40 -36 -217 -112 -190 85 -15 99 203 -86 109 -169 158 -18 -53 117 -196 -130 22 5 106 195 -118 72 53 209 -70 238 2 -26 -17 160 -20 126 146 -64 -59 101 11 55 54 -1 -37 145 -188 183 186 52 -149 123 -98 16 -197 124 -66 8 -157 194 -159 -50 -161 198 232 -4 149 -91 7 202 -166 -30 -9 -31 -92 204 168 80 -224 64 17 -113 -238 -220 -215 96 -72 223 -69 -27 67 -114 -187 94 -200 82 89 26 237 -122 191 -120 -55 38 157 21 244 119 -3 -33 -126 -140 197 -29 -94 -228 107 243 91 -76 -222 84 -134 -211 -231 -109 166 -56 -75 -107 141 208 212 -216 60 88 -115 -67 32 -239 -174 90 171 175 172 -63 -165 -181 227 -73 -90 -83 247 -81 207 -245 34 234 200 136 -218 -243 77 116 -191 46 98 47 193 -154 -34 31 228 -117 -213 -116 48 73 -242 165 219 169 -124 108 235 176 0 -133 -95 -194 -11 138 246 221 -131 143 224 211 144 -203 -103 74 51 220 147 1 -247 248 156 154 20 -48 -145 -173 -139 213 71 83 -121 -144 222 -219 -210 249 150 -8 181 -226 163 -250 -125 -135 -105 -44 -74 25 -23 162 27 -49 192 76 -13 -100 -132 -88 -78 14 185 -62 -71 179 -185 -6 -246 130 92 -176 -170 210 -87 -151 -101 -61 79 36 4 -127 -12 65 9 139 -79 -150 178 -207 -209 188 -233 -119 87 -178 182 -54 -212 151 -57 -93 159 -141 -206 75 -19 -25 -7 50 137 30 3 95 -158 -129 -60 -202 -41 132 -244 -16 -138 -180 205 -24 -104 127 42 -42 -155 -248 -102 59 -229 -249 -45 -47 24 
TEST 69 ARG:83 232 -49 -214 149 248 212 -44 103 -186 -197 -104 182 -87 159 164 32 -117 -81 -99 214 39 86 58 27 160 169 185 63 99 -234 -188 -157 -39 -28 -3 177 180 78 48 -84 -105 229 -152 -243 -19 -221 -178 36 73 28 -246 -219 12 176 37 -24 -43 142 -35 -129 -179 -147 0 -82 -47 133 153 122 -72 75 -207 -187 -137 64 68 -61 108 249 52 7 50 -6 100 102 242 -8 6 219 -98 -176 -249 -54 -1 10 -136 -110 -134 -118 -22 151 193 165 53 -169 -55 14 34 -11 91 168 -175 13 -75 222 -73 199 -58 -150 132 225 105 -56 -211 114 79 206 -164 -158 -36 211 -199 49 -140 -184 -16 -168 210 -93 -91 179 -231 15 -97 121 59 240 -106 -70 -135 117 -194 29 243 19 -224 221 -7 -141 77 81 2 195 -208 -161 146 235 -247 -159 -40 -38 -115 35 95 -10 -100 -65 65 -112 130 120 8 40 -63 -77 44 205 62 -79 109 -189 -205 -60 76 -2 -113 -139 -182 -48 -245 18 -190 192 -201 181 244 -233 80 -213 38 126 213 188 150 215 113 5 -101 94 3 -74 -228 137 -17 -130 -50 -151 -57 162 25 -195 -181 178 -69 -29 191 -138 47 135 45 119 -83 -163 171 -144 233 -78 -167 246 -242 54 237 127 238 93 -114 -240 -166 202 -26 141 -94 -185 -128 -236 230 -45 -206 174 -170 -33 216 66 -92 -203 163 -27 228 170 46 -153 -15 -125 -124 123 194 -9 134 -162 -220 -123 -204 4 -127 239 125 -209 -14 140 60 161 -218 173 -111 223 87 236 124 -193 20 -116 72 -46 184 -210 241 90 -4 -154 -142 -42 175 11 22 -62 112 -66 158 207 -212 -227 136 145 -148 118 -30 85 131 89 -80 -171 -25 189 -12 -133 51 -119 -222 201 -102 41 111 42 -23 -18 -67 -13 31 88 69 16 166 -226 56 106 -235 -177 -126 190 -120 -172 -225 245 -143 -5 152 30 204 -52 -165 186 172 61 -76 -108 -250 128 55 -200 209 197 -248 101 67 234 17 -21 208 -198 -146 -183 -20 -241 183 -160 70 -202 155 196 144 226 -88 1 -192 198 -103 33 148 -230 -223 -86 -155 -173 -239 -109 -96 -131 -244 -156 110 247 220 157 -89 -51 23 -238 -34 -229 -31 154 -53 187 21 -90 96 107 129 -149 -191 -196 -174 -180 -122 203 71 98 147 116 231 -32 57 -145 24 -132 -41 -85 227 167 -215 200 43 -37 156 -71 -107 -64 -216 218 -232 224 -68 92 104 139 74 84 143 26 -237 -121 138 82 115 9 -59 217 -217 -95 97 
TEST 70 ARG:-144 195 226 136 -178 219 -147 -102 56 -76 202 167 139 25 190 123 84 103 -81 140 -98 197 -34 57 12 -170 173 -157 153 -108 -114 -69 -185 168 36 118 -37 243 110 -209 -229 235 93 -242 -146 10 -113 -94 234 79 -250 -213 -83 129 -132 200 120 58 166 210 -33 -48 -3 -234 163 -184 224 -218 -117 -134 20 -49 247 126 -235 31 156 100 -216 50 9 -62 -27 -130 -53 -164 171 -8 -23 17 -154 -148 249 -15 -149 144 -232 -248 -139 143 -174 -129 -156 -197 -221 -1 -220 -96 -186 -118 13 72 91 -124 135 -238 86 -230 -20 70 -105 54 -193 0 -74 -43 -136 -89 -123 227 -171 160 44 -14 238 14 61 188 172 -55 -199 248 -183 -207 114 28 178 -201 124 181 132 -161 107 -246 60 121 30 165 -86 -106 -227 -13 -158 189 201 122 -167 85 -64 -93 127 237 -41 180 104 151 111 194 176 4 -200 32 -233 39 -126 246 236 -219 109 112 62 -92 -109 -9 -66 -159 -52 117 -224 47 -119 -59 230 -58 -5 59 -36 -99 -65 -168 -29 134 232 -176 -80 150 -165 -63 -39 115 -6 128 -122 -56 -151 -138 -38 170 -190 8 -11 89 -17 169 69 -104 -60 -208 -175 -128 205 -181 -177 99 158 -231 -145 154 -222 -196 216 215 49 37 6 207 -211 48 -195 -82 71 -24 7 145 -142 -91 198 97 65 3 184 45 -210 179 -133 -75 162 -187 51 -110 -97 -2 -244 18 212 -223 113 -46 -84 -166 229 -214 -226 175 -141 222 -25 74 -180 63 -125 73 -240 141 102 1 27 -137 211 26 218 -90 -188 34 -215 131 138 11 -73 174 -78 187 -152 -243 -28 125 66 186 -163 -42 -31 -228 -54 199 192 94 223 76 -205 242 -116 5 15 204 155 157 240 108 -245 87 164 43 52 137 77 -111 -172 185 -237 -150 213 -179 -225 53 -87 161 -115 -77 -68 245 -131 133 119 -19 208 -143 38 203 -44 -239 220 228 -4 182 191 177 78 -72 83 -173 214 -160 196 2 67 101 -18 152 24 209 -112 -45 -30 -127 -47 193 -71 90 -198 42 105 146 88 -67 -162 -241 -70 -35 -155 183 206 82 -206 -236 41 -85 68 -10 116 -16 -107 21 225 -204 217 75 22 106 -21 -101 46 40 -121 -22 -7 -26 149 233 -192 23 -247 142 -189 -79 -194 -88 35 148 92 130 -140 16 231 -51 -169 -50 95 -103 -182 244 -135 -32 -40 29 64 159 80 -61 55 19 -249 -202 -217 -57 -153 221 -191 147 96 241 -12 81 -212 -203 33 239 -120 -95 98 -100 
TEST 71 ARG:-170 -154 -63 123 -218 -118 -84 46 -121 -178 -129 215 42 -59 24 199 4 -195 -36 -3 58 -77 -120 -70 77 -20 -228 -163 132 -9 156 -215 27 8 -136 -234 -143 -122 249 201 184 -198 219 -95 240 192 178 -14 -220 190 -82 166 -30 25 9 56 177 -177 -162 138 -58 12 -53 -165 134 36 26 170 -164 -47 2 -157 179 -66 -103 -106 43 -191 202 -49 182 221 129 -37 -1 82 -32 126 -137 -159 87 -78 -168 -93 161 158 -207 68 -200 -25 154 65 66 148 204 54 200 228 -123 -73 -152 69 205 -40 16 -91 218 33 176 133 -134 149 210 -107 241 84 243 -83 17 137 -60 127 108 104 37 -230 -193 -100 146 -89 74 -247 95 -76 226 47 61 80 -148 246 -211 -183 100 -250 231 -48 88 -208 -233 -50 -111 -27 -68 -197 -240 -26 -13 -184 1 31 70 -79 -34 3 -114 -42 106 -242 -41 117 216 -212 -67 -135 247 79 145 -44 122 229 83 -101 45 -176 -131 64 -155 162 121 73 232 186 -80 -216 60 115 244 -87 167 -189 -85 -182 -219 206 -210 -116 -18 -29 130 -161 -23 -188 94 -206 160 -237 49 -204 99 -231 125 -156 0 195 -149 -213 53 139 -54 101 76 141 -74 -112 157 -180 164 78 235 11 23 -22 -144 -33 -69 -24 -239 193 -187 34 -55 207 -119 185 -244 52 103 -238 -110 -150 223 28 -12 57 92 7 -221 -185 171 -209 183 168 163 114 128 -138 159 -88 237 -94 165 196 93 -243 -132 -90 -105 20 194 85 55 -115 -141 86 -173 -125 213 227 222 153 -15 -109 -175 -205 198 110 -227 189 -151 -98 -225 -124 -43 169 -142 109 -4 39 -62 -196 230 -217 -21 173 -102 -81 19 135 -38 -249 214 107 224 51 208 -235 -92 41 -46 -61 180 119 98 35 62 -140 -2 233 197 -181 105 116 -28 -65 102 -241 81 -171 -19 234 -99 -104 -139 -145 -64 -186 -130 21 59 -31 18 -232 -117 -86 -16 131 -194 13 -147 -190 151 -108 152 30 -153 120 -72 50 113 143 -35 -223 245 -7 -56 -203 211 -127 63 -158 -167 -172 -174 147 248 -222 -229 203 29 -71 -169 -245 44 90 15 -160 67 -11 -57 -192 238 118 -5 -8 -199 -10 91 155 124 111 174 225 32 -113 -224 181 209 -236 40 220 -202 22 72 -179 142 -51 89 6 5 175 239 -201 97 188 96 150 -96 75 -226 -52 -166 -75 48 144 10 -128 -17 -97 -146 191 140 -39 136 -126 71 187 -246 -133 212 112 38 242 14 -6 -214 236 172 -45 217 -248 
TEST 72 ARG:128 -221 -178 170 -28 39 229 -188 -46 221 54 191 -157 -143 -238 -109 -49 -74 224 122 -86 -108 129 160 -176 -81 13 -35 -82 243 104 -18 175 -223 150 -29 -165 110 164 21 -100 223 240 180 3 -33 40 112 35 -172 98 185 139 82 0 126 217 -48 138 168 48 -11 107 -179 -1 -199 -182 193 17 29 -212 43 4 -78 -92 89 22 149 -50 95 101 114 83 205 207 -90 102 -164 194 -225 -127 127 93 86 245 -237 56 -97 -7 78 38 -41 178 -151 33 218 50 -139 214 -184 -203 -36 -51 144 -232 -40 -230 -219 100 60 142 172 184 -2 183 8 -5 26 46 -12 24 -160 166 -107 -197 -189 -149 -156 -222 208 -77 -246 2 49 59 246 -72 52 62 155 -47 -70 -66 -216 163 61 -19 19 113 -4 -54 -101 97 -155 211 -30 230 146 -125 237 -120 30 25 -76 -65 209 -136 -80 10 -84 167 -132 53 103 -249 -166 -186 -38 -135 -211 -88 -42 77 123 94 -240 -96 226 -229 242 -62 -123 51 92 -6 145 -16 190 34 -218 133 179 -210 74 234 -180 -98 216 199 203 -194 204 67 -148 -243 -110 176 31 -208 -234 134 116 195 65 241 -60 227 222 -241 -126 -213 130 187 16 235 32 -45 -169 -133 -162 64 -112 -163 244 233 -64 55 -161 -227 -68 -250 -235 -59 -220 23 -111 198 153 161 154 -13 147 -21 158 -183 225 -95 47 18 42 69 14 -134 118 -43 -10 90 -248 -145 215 -233 132 -122 188 -159 -83 -168 -185 -150 -118 -144 68 248 -39 11 -214 -61 131 106 84 140 232 -85 156 115 165 213 249 -239 20 -15 -138 -117 -124 125 151 173 -102 219 120 119 239 171 236 189 5 108 210 27 -190 72 220 63 87 121 206 -173 -131 -247 -89 109 12 -245 37 76 -154 -14 -105 157 111 -31 -25 159 -115 -200 -206 -228 -242 182 -152 75 -158 202 -67 -217 -137 -56 -79 -26 228 -195 162 -205 105 -231 -116 85 44 36 -3 -198 -196 -9 -17 -121 -24 -73 -226 -202 -57 152 -146 -20 66 -93 117 88 -181 148 79 -63 -187 169 177 -37 247 57 197 -130 45 -140 -236 238 -52 -153 -174 -94 7 -104 -119 41 231 -147 141 81 1 96 -201 -191 -34 136 -192 -224 58 -87 212 -69 71 -167 -207 -209 73 -27 -103 99 -204 196 91 70 186 -114 -141 -175 -170 137 -8 -128 -75 -129 -215 -22 -99 -113 -106 6 143 -177 -244 15 -91 124 -193 -23 174 181 28 -71 -58 -55 9 -32 -53 135 -171 200 80 -44 -142 201 192 
TEST 73 ARG:-156 -208 34 246 -187 32 138 -192 198 -49 82 14 121 116 15 -77 46 -226 126 148 240 -150 -12 225 -225 -118 176 -157 189 -218 -169 92 -147 213 -81 110 -36 -238 -144 -246 22 160 -15 -206 -159 -64 83 80 59 88 8 178 -41 197 -38 -45 108 -186 -63 -211 20 115 -113 72 25 157 -222 -99 48 -209 -119 86 -180 -46 -237 -140 -204 -149 -123 -243 17 -2 127 2 128 -73 -184 193 12 38 64 180 -88 -43 -181 212 28 -216 220 -215 -94 -37 -56 183 50 -75 104 97 30 -143 58 75 -154 4 173 -27 56 -175 165 -240 -230 -98 -129 -227 -40 118 163 68 -32 -51 131 -138 132 -16 155 -173 168 -158 119 -188 -106 114 154 -90 216 143 203 207 10 221 135 -176 19 -76 -191 24 133 -33 -220 -232 -234 237 71 -239 -71 -108 247 184 -97 125 103 -248 152 205 -148 -14 -179 -195 105 151 120 130 -163 -168 3 36 -210 1 -30 79 150 238 229 -172 -111 145 -23 210 117 199 -105 -189 73 169 248 -116 172 134 -53 -5 -165 139 66 -170 -104 -29 -127 234 112 179 -31 111 54 226 231 -205 -197 16 -9 147 -52 -137 188 -161 -83 5 -214 52 106 -92 -26 201 -35 194 -183 11 -146 98 -112 -182 129 -59 69 -61 -231 122 -145 -207 230 -203 190 18 100 144 -114 215 -19 -67 -22 26 208 27 -166 95 -4 53 -13 192 0 6 -1 99 40 -178 39 -236 -233 -117 -213 -17 -42 -110 202 -89 161 93 -135 218 -171 101 -224 -174 -130 -132 223 35 -223 91 209 -6 174 23 -109 -120 185 60 -69 204 181 77 227 -136 170 33 -177 -242 191 81 159 -58 -103 186 243 -185 -199 -250 -249 -74 195 44 57 42 162 45 -153 43 222 228 158 -10 -18 153 -87 -47 -39 140 78 241 -126 -95 62 -60 187 211 146 -93 -55 61 -142 167 -134 -82 -48 -85 171 70 239 7 249 -131 -100 29 217 90 21 -125 -212 -193 -152 31 196 55 87 242 -57 47 -115 200 51 84 164 -245 -202 37 102 -139 -155 -228 -219 -50 -21 235 -194 -160 124 -201 136 -28 233 156 -20 13 94 96 206 -229 -196 -151 219 -101 -80 49 -121 -34 -72 -244 -167 -25 -141 142 -7 -54 -68 -247 244 109 -91 -66 -70 236 -102 -86 232 -133 -62 245 -200 137 -198 74 -162 85 113 177 -128 -78 -79 -122 -221 -124 107 -3 -65 -241 175 67 182 63 -96 -190 224 -217 149 214 -11 89 141 -235 166 -44 65 -107 123 9 -8 -84 -24 41 76 -164 
TEST 74 ARG:195 -19 51 -150 110 -217 169 206 -244 75 14 -88 125 -161 -22 60 -146 -192 223 82 -7 -75 -189 -129 -134 218 4 -178 27 71 79 109 11 -241 -114 -77 58 220 -120 78 -202 171 201 44 126 57 -231 46 -15 168 198 6 115 -86 48 -167 -24 -17 -234 -206 -193 -218 -2 137 244 199 -89 -181 121 147 -243 25 -107 231 -5 9 -34 -135 -209 -216 -188 -4 -83 -210 63 -74 73 -200 -44 32 -29 -158 -38 -103 54 232 104 55 209 -164 191 178 100 -157 225 151 219 -172 -124 -78 222 47 -52 -171 -57 -21 -145 -121 -36 -46 -20 -59 -47 133 166 -43 -71 224 226 229 221 203 86 -239 141 38 -23 -113 31 -151 138 -41 59 -65 74 -102 132 22 -118 112 -186 26 -126 -91 69 -80 184 -201 197 -112 215 208 212 -205 247 -51 -70 -224 -233 5 108 149 190 242 85 -138 80 99 -10 -42 -139 -147 -187 -197 161 -28 -163 173 -220 210 -69 -35 -155 -87 243 -190 -137 -73 240 -94 230 -63 64 -104 -76 -8 -3 142 -90 -16 -127 -125 -67 185 -130 65 -248 72 2 -149 52 194 -84 -219 136 -54 196 102 127 120 -230 -98 216 -81 -64 -33 135 -195 33 95 117 -119 155 -199 -148 239 40 28 -185 143 70 -99 92 -166 106 -12 183 -169 -100 90 84 -61 -173 -175 -133 -143 179 -204 -13 140 -165 164 -222 -62 -160 87 148 89 -198 -250 113 -223 234 -40 204 227 114 -140 -122 -97 94 146 162 -56 -246 249 43 68 122 246 -31 193 67 -105 188 -132 -55 -182 -196 23 -79 101 145 50 -213 128 -116 103 37 -152 3 160 93 56 180 66 214 -177 182 81 -162 236 1 241 156 -142 -221 153 -176 -72 -18 -170 -136 228 131 200 177 36 -229 -109 -154 39 105 202 129 -1 -180 13 139 123 15 172 -68 -208 158 91 7 -245 167 -106 107 41 192 174 83 -95 -53 238 186 -26 -159 -11 30 213 116 163 -82 77 61 17 49 -247 -249 245 29 176 -9 -153 -191 -194 97 -242 -226 170 -225 -212 -211 -39 175 119 -96 -32 -14 10 -66 -141 -27 -144 187 211 235 181 152 -128 159 205 -168 -235 -60 -236 -117 -101 76 0 -232 -156 -6 -215 45 -30 154 35 -131 21 124 217 20 134 18 111 88 24 144 98 189 -115 -85 -93 -123 96 207 -238 -228 19 248 -184 233 -92 -174 -25 42 130 165 -183 -111 -58 -110 34 53 -179 -48 -50 157 237 8 -108 -49 -207 150 118 -45 -37 12 -227 -214 -203 16 62 -240 -237 
TEST 75 ARG:-242 211 -218 159 22 -108 33 -173 -180 61 155 221 218 -66 -231 -113 -221 -55 -76 63 216 -72 248 -87 116 -200 90 -174 131 -192 -3 -233 -112 -43 76 197 209 220 14 30 -45 236 -101 -61 79 -248 244 -96 105 130 -230 152 64 -213 125 -227 -88 29 140 231 62 149 -235 247 -40 -78 -222 -106 -163 88 173 -47 -186 -157 -151 -205 -6 -22 -86 -83 -92 65 -245 44 -170 87 -26 47 -168 -183 -53 156 -54 -145 162 -199 -46 -132 122 195 -126 89 -91 -212 144 107 -134 219 -122 169 -2 -136 -81 163 -58 -116 -155 -130 -129 147 -5 -181 194 224 -64 134 75 -77 -90 151 -95 214 -249 86 128 49 217 157 93 110 -4 -111 -172 158 -246 3 -139 -74 119 -98 -23 38 74 178 138 137 -51 -149 165 58 -209 -228 42 180 -137 -71 -109 161 -7 101 -60 237 -142 9 68 20 -97 -188 192 -146 -99 -161 132 -159 72 97 185 39 -198 -100 -18 -127 -31 12 112 80 73 -42 141 118 70 18 182 227 120 31 -217 82 -82 -220 186 -175 -135 -150 -14 -131 24 81 121 43 -237 7 69 -123 212 -206 45 57 142 92 8 -229 117 106 -141 -33 -17 67 -194 123 27 193 -232 -120 -158 190 103 240 -36 -244 228 235 -107 -10 229 -15 16 -62 150 -13 -84 13 -143 96 239 -167 91 51 -117 -16 -191 19 246 136 -25 -68 -140 -171 6 99 -189 124 100 102 -1 -59 -250 94 -38 -105 -202 40 191 -148 -57 -156 -182 -52 -125 -48 -29 21 -216 204 -9 -153 135 26 -49 -34 109 222 -185 -190 -21 174 -102 242 183 223 177 -114 -24 60 34 -147 56 -239 71 -144 -115 -56 36 -204 85 126 37 230 -133 210 167 -201 245 225 232 -247 -208 83 25 175 184 1 -211 201 46 -207 -187 188 187 15 -219 -70 -214 -165 -69 98 104 189 55 -44 -240 17 207 -238 241 146 -210 -236 50 202 -65 -27 -30 108 129 -166 143 196 215 -184 -215 168 -160 164 -79 115 -63 133 -169 84 127 53 200 77 -234 203 -162 -11 -19 238 4 -103 66 11 -94 -121 0 54 -119 148 -154 111 -41 -164 199 205 -197 213 234 181 166 249 206 226 -203 208 -35 2 176 160 114 28 32 -93 48 -8 -243 -80 -241 -176 -152 10 -118 -75 198 154 -73 -67 -89 170 -110 -177 171 -195 52 -39 153 -32 -85 -196 172 -50 -224 -37 233 -20 -193 145 -179 -226 41 113 23 179 -128 -225 -28 -124 -12 -178 243 5 78 -138 59 35 -223 -104 139 95 
TEST 76 ARG:116 -170 14 -166 147 90 -189 102 237 170 -37 40 160 -208 203 -82 -238 -187 52 200 50 -211 93 75 49 153 180 159 -93 234 -244 -119 -239 -207 -33 -63 217 -148 -144 56 215 141 245 -206 -219 -132 39 187 -91 28 91 -201 -196 -124 -130 -234 -34 -95 210 95 -232 -126 -44 224 -77 3 -25 -162 69 247 -56 -4 86 92 98 -64 -183 -163 219 54 34 99 154 -182 -223 -72 -209 79 77 57 -199 -108 -86 -55 107 76 127 -127 68 -214 -30 -85 131 -202 -29 -42 -155 -194 -32 -198 -122 -110 109 209 -248 134 -181 -60 150 22 166 -19 -113 -236 -134 220 -186 136 115 174 -10 64 -47 -157 101 138 -143 -149 -192 -231 29 186 158 -222 13 -193 -216 140 -184 44 248 121 179 -46 -27 231 -179 -125 -147 118 23 199 45 11 128 225 -117 -203 -75 -80 -102 -229 32 -103 -84 104 117 21 171 -140 182 135 82 206 58 0 41 -14 -218 81 -174 -191 172 70 -1 55 -107 67 -9 -90 196 197 130 -51 -172 -83 156 191 185 -246 46 235 181 97 113 -87 -139 59 43 165 -38 -16 192 25 144 -160 -146 36 124 198 -50 -210 -226 188 -71 246 230 1 35 -240 167 51 -168 169 207 193 -165 -22 122 83 -230 202 -48 -17 -39 -70 -212 -224 183 37 60 26 221 30 111 -167 42 -247 48 -136 120 -88 212 -164 233 -205 -250 -129 137 -74 -24 -120 132 63 133 -99 -94 -190 -154 175 24 100 -116 8 -52 -3 -195 143 232 173 84 151 213 218 -7 -245 112 78 -104 4 74 139 94 214 211 123 249 -169 -123 89 -188 -69 80 -227 -217 201 -18 -145 -197 -35 73 -138 241 -152 -101 -131 18 -66 152 -178 -121 -76 -53 -233 -235 -12 148 -215 9 10 -200 -242 -20 16 -142 -177 -28 -185 38 108 -100 -68 239 114 88 17 -137 -171 96 47 -45 -228 -67 -43 161 -135 -58 -243 71 -98 -115 -31 -221 205 -96 242 85 -81 -21 -156 -79 146 -97 149 15 -180 -151 229 -225 -153 216 66 -204 -62 168 157 -220 -65 204 162 -249 31 72 33 27 -213 164 223 -2 195 240 190 -237 -26 -175 222 105 20 -114 -89 -105 12 176 228 -176 177 -15 -40 226 -150 -141 -133 87 163 119 -111 125 184 208 -54 129 19 178 -57 -36 -106 -241 7 2 194 -161 227 6 61 -112 -78 -41 62 142 145 106 -118 -49 155 -8 110 -73 -13 -23 65 -173 5 -159 244 243 53 126 238 -59 -5 -128 -61 103 -6 236 -158 189 -109 -11 -92 
TEST 77 ARG:-236 -232 -181 -157 88 -17 -140 -39 -188 -248 -174 104 -7 -14 37 -89 -159 -64 -142 -61 -73 -109 -192 173 -208 84 -94 102 -127 46 -224 -161 163 12 153 -238 120 -131 -211 205 -50 -148 -168 18 -74 -145 -141 202 -101 69 -176 7 170 -230 -115 121 -183 183 193 220 -36 225 -219 151 141 154 169 13 235 47 232 -156 -153 -27 -9 -130 -209 -103 -203 62 -96 105 124 -44 -144 -235 -97 82 -41 186 244 39 -81 41 -218 -207 229 26 -71 83 111 -12 219 -37 134 -184 -126 -170 -20 -146 -98 -199 -18 60 176 -93 -25 166 -117 -6 196 -205 185 -116 119 -221 165 9 -189 25 19 118 181 -62 -76 -225 148 -56 184 189 -231 -216 74 -99 200 137 -52 -162 -175 -82 53 -129 -47 32 -111 231 246 11 115 -86 106 -220 195 209 222 -247 -46 161 -125 -119 93 -160 175 -240 -55 -210 -243 -138 -237 190 71 242 -69 49 91 233 75 85 238 164 -227 59 156 143 -23 -143 67 36 0 204 -128 208 145 -185 -30 182 103 155 76 40 -213 99 211 -13 65 -196 43 31 -214 -70 -80 -53 48 -197 34 187 133 -110 -133 -193 -38 42 -108 -105 135 -137 -198 210 10 -166 57 -104 122 92 192 191 29 -165 -118 132 226 -68 230 -178 -246 228 -51 54 249 221 -3 -48 -121 168 -19 199 237 130 97 73 64 -147 239 87 142 117 -45 81 -106 131 -163 55 217 114 -242 -28 198 -84 -114 1 -154 -65 -152 -249 -120 8 149 -77 -250 -92 66 -16 -75 70 72 144 -8 174 -59 139 -158 51 -202 -21 23 24 -179 160 147 150 162 -112 188 -151 218 -4 -10 -79 -113 158 116 30 -49 177 -182 112 90 157 -212 -206 -169 -34 44 22 128 215 -223 -186 -180 86 240 203 98 138 207 79 -91 -177 108 -239 -150 95 56 -43 -217 -132 212 61 -228 234 -149 21 -15 -2 159 4 94 -167 146 214 127 -173 197 -107 -33 52 179 2 -58 -233 126 -244 227 -245 -187 -63 136 -134 89 129 -42 -234 -78 201 -123 241 78 20 16 -190 245 77 248 -32 -54 -139 -85 -31 -11 236 -29 216 -88 224 33 38 50 -100 -155 167 -204 152 171 113 247 -229 101 68 35 206 109 17 107 172 213 -24 140 125 -5 15 223 -22 -222 -122 -171 -95 -83 -191 -26 -57 -72 80 -136 63 -87 -67 -200 -195 -201 6 -194 3 -172 -40 14 28 180 27 -241 -215 -135 100 -66 194 243 -35 178 45 5 58 -226 -124 96 -1 110 -60 -164 123 -90 -102 
TEST 78 ARG:60 -15 -172 124 -92 -106 73 -148 -95 127 100 214 -97 226 -169 -247 -151 -229 -233 240 -65 -91 195 39 -170 -112 -230 -161 -189 30 -19 238 19 18 64 54 -246 74 28 -155 156 128 -38 171 -57 115 -33 69 155 219 -163 51 -32 -49 -241 212 167 135 101 140 4 245 -23 31 144 79 -141 -55 -110 247 -183 24 -109 -89 67 34 6 233 242 154 236 45 -16 175 -237 131 85 170 -14 -187 -113 11 235 199 -194 -211 -61 -197 -145 168 194 -46 109 -5 201 208 207 116 -115 -26 102 -111 -71 193 -236 104 117 -41 -137 3 173 164 82 -107 -124 90 -35 179 204 172 -132 121 -73 -98 189 -168 113 246 -200 -94 -167 21 43 -21 -45 91 215 -53 243 -210 -164 40 160 -28 -128 95 -209 -206 65 231 -2 169 228 108 142 -133 35 -119 180 -185 -59 -82 -101 -105 182 122 119 139 58 -146 -195 -108 237 48 159 -216 -63 217 -226 222 -34 152 -249 71 -72 -127 224 -152 103 -157 239 -136 99 -221 -42 218 76 216 66 -8 -214 49 205 186 241 41 148 -238 1 157 44 -116 -13 177 111 223 84 -1 192 -131 -75 149 206 -171 -250 -159 118 -201 -80 184 190 77 53 -139 -85 -202 -184 -104 176 227 -54 -134 -227 27 50 -17 -39 -44 92 129 198 68 -192 185 -10 174 191 -190 220 -76 134 107 126 81 5 17 32 -176 221 125 -208 2 9 -51 -212 72 -40 22 183 -207 -240 141 -222 98 -143 -93 -153 200 -102 -84 -20 105 -147 16 -88 55 -234 120 -37 -196 244 -64 -225 -121 -48 -43 151 -142 52 234 -188 70 158 -191 -62 -120 -204 106 -218 -150 -58 -24 -174 -31 187 -11 112 -9 -77 -86 26 -30 -3 -179 -22 -67 -78 203 -60 15 -198 -138 -140 188 -154 137 97 94 -203 -193 166 7 -126 -223 88 -103 29 -232 57 -81 130 47 -123 89 -25 -12 147 181 -231 -56 -69 12 -228 93 -129 209 -199 146 -248 -243 202 -36 62 42 -156 -239 61 0 123 -79 232 143 110 78 -7 80 -122 -66 197 -166 161 145 -29 133 -235 150 -6 -4 87 -180 -182 -117 63 -149 -68 -90 163 -213 -220 -165 -173 -219 -114 -178 -244 75 13 23 -87 229 33 132 -118 -144 -47 -50 -130 230 249 25 -99 46 162 178 225 36 -27 14 56 38 114 -242 -160 -215 -100 136 -205 -224 20 -70 -74 211 165 -175 -135 138 -52 -186 59 213 -217 83 96 -245 -162 37 86 248 -96 -181 8 153 -125 -83 -18 -158 196 -177 10 210 
